-- MySQL dump 10.14  Distrib 5.5.46-MariaDB, for Linux (x86_64)
--
-- Host: localhost    Database: dmaster_dermaster_db
-- ------------------------------------------------------
-- Server version	5.5.46-MariaDB

/*!40101 SET @OLD_CHARACTER_SET_CLIENT=@@CHARACTER_SET_CLIENT */;
/*!40101 SET @OLD_CHARACTER_SET_RESULTS=@@CHARACTER_SET_RESULTS */;
/*!40101 SET @OLD_COLLATION_CONNECTION=@@COLLATION_CONNECTION */;
/*!40101 SET NAMES utf8 */;
/*!40103 SET @OLD_TIME_ZONE=@@TIME_ZONE */;
/*!40103 SET TIME_ZONE='+00:00' */;
/*!40014 SET @OLD_UNIQUE_CHECKS=@@UNIQUE_CHECKS, UNIQUE_CHECKS=0 */;
/*!40014 SET @OLD_FOREIGN_KEY_CHECKS=@@FOREIGN_KEY_CHECKS, FOREIGN_KEY_CHECKS=0 */;
/*!40101 SET @OLD_SQL_MODE=@@SQL_MODE, SQL_MODE='NO_AUTO_VALUE_ON_ZERO' */;
/*!40111 SET @OLD_SQL_NOTES=@@SQL_NOTES, SQL_NOTES=0 */;

--
-- Table structure for table `dm_banner`
--

DROP TABLE IF EXISTS `dm_banner`;
/*!40101 SET @saved_cs_client     = @@character_set_client */;
/*!40101 SET character_set_client = utf8 */;
CREATE TABLE `dm_banner` (
  `dm_banner_id` int(11) NOT NULL AUTO_INCREMENT,
  `dm_banner_thumb` text NOT NULL,
  `dm_banner_image` text NOT NULL,
  `dm_banner_link` text NOT NULL,
  `dm_banner_status` int(1) NOT NULL,
  `dm_banner_published_date` date NOT NULL,
  `dm_created_date` date NOT NULL,
  `dm_updated_date` date NOT NULL,
  PRIMARY KEY (`dm_banner_id`)
) ENGINE=InnoDB AUTO_INCREMENT=13 DEFAULT CHARSET=latin1;
/*!40101 SET character_set_client = @saved_cs_client */;

--
-- Dumping data for table `dm_banner`
--

LOCK TABLES `dm_banner` WRITE;
/*!40000 ALTER TABLE `dm_banner` DISABLE KEYS */;
INSERT INTO `dm_banner` VALUES (9,'','20160405021223bannerimg.jpg','http://dermaster-indonesia.com/contact/index/en',0,'2015-12-17','2015-12-17','2016-04-07'),(10,'thumb_20160406231754bannerimg.jpg','20160406231754bannerimg.jpg','http://dermaster-indonesia.com',0,'2016-04-06','2016-04-06','2016-04-06'),(11,'thumb_20160407092907bannerimg.jpg','20160407092907bannerimg.jpg','http://dermaster-indonesia.com',0,'2016-04-07','2016-04-07','2016-04-23'),(12,'thumb_20170702231034bannerimg.jpg','20170702231034bannerimg.jpg','http://dermaster-indonesia.com',1,'2017-07-01','2016-04-23','2017-07-02');
/*!40000 ALTER TABLE `dm_banner` ENABLE KEYS */;
UNLOCK TABLES;

--
-- Table structure for table `dm_branch`
--

DROP TABLE IF EXISTS `dm_branch`;
/*!40101 SET @saved_cs_client     = @@character_set_client */;
/*!40101 SET character_set_client = utf8 */;
CREATE TABLE `dm_branch` (
  `dm_branch_id` int(11) NOT NULL AUTO_INCREMENT,
  `dm_branch_name` varchar(100) NOT NULL,
  `dm_branch_description` text NOT NULL,
  `dm_branch_map` text NOT NULL,
  PRIMARY KEY (`dm_branch_id`)
) ENGINE=InnoDB AUTO_INCREMENT=26 DEFAULT CHARSET=latin1;
/*!40101 SET character_set_client = @saved_cs_client */;

--
-- Dumping data for table `dm_branch`
--

LOCK TABLES `dm_branch` WRITE;
/*!40000 ALTER TABLE `dm_branch` DISABLE KEYS */;
INSERT INTO `dm_branch` VALUES (17,'Mangga Besar','<p>Jalan Karang Anyar Raya No. 92 E , Jakarta Pusat<br /> Phone&nbsp; : +6221 612 4018<br />Fax&nbsp;&nbsp;&nbsp;&nbsp;&nbsp; : +6221 612 4017</p>','https://goo.gl/maps/4B4OI'),(18,'Pondok Indah','<p>Pinang Emas 1 UT Kav 37, Pondok Indah, Jakarta Selatan<br />Phone : +6221 7590 5409 / +6221 7590 5429</p>','https://www.google.co.id/maps/place/Dermaster/@-6.2653454,106.7771336,17z/data=!3m1!4b1!4m5!3m4!1s0x2e69f1af28075925:0x91ac78fe527b98c7!8m2!3d-6.2653507!4d106.7793223?hl=en'),(19,'Pantai Indah Kapuk (PIK)','<p>Jln Elang laut boulevard, blok D no 42<br />Phone&nbsp; : +6221 298 66 571</p>','https://www.google.com/maps/place/Jl.+Pantai+Indah+Selatan+1+No.11,+Kamal+Muara,+Penjaringan,+Kota+Jkt+Utara,+Daerah+Khusus+Ibukota+Jakarta+14470,+Indonesia/@-6.1241103,106.7404836,17z/data=!3m1!4b1!4m8!1m2!2m1!1sRuko+Elang+Laut,+Blok+D+No+42,+Jl.+Pantai+Indah+Selatan+1+,+Daerah+Khusus+Ibukota+Jakarta+14460,+Indonesia!3m4!1s0x2e6a1d43c018336b:0x27483c9a2208a7ca!8m2!3d-6.1241156!4d106.7426723'),(20,'Central Park','<p>Ruko Garden Shopping Arcade Blok B no 8 AE<br />Jalan tanjung duren raya kavling 5-9 Jakarta Barat<br />Phone&nbsp; : +6221 292 09 007 / +6221 292 09 008 / +6221 292 09 009</p>','https://www.google.co.id/maps/place/Dermaster+Clinic+Central+Park/@-6.1764928,106.7874153,17z/data=!3m1!4b1!4m5!3m4!1s0x2e69f65f418a05ed:0xade6f4b18d51206e!8m2!3d-6.1764981!4d106.789604?hl=en'),(21,'Kemang','<p>Gedung Piccadilly&nbsp;</p>\n<p>Jl. Kemang Raya Selatan No.99, Jakarta Selatan</p>\n<p>Phone: +6221 7179 0793 / +6221 7179 0991</p>','https://www.google.co.id/maps/place/Jl.+Kemang+Sel.+No.99,+Bangka,+Mampang+Prpt.,+Kota+Jakarta+Selatan,+Daerah+Khusus+Ibukota+Jakarta+12730/@-6.2731348,106.8143815,17z/data=!3m1!4b1!4m5!3m4!1s0x2e69f189ecbb9ccb:0x8b1a7d06061cfb6!8m2!3d-6.2731401!4d106.8165702?hl=en'),(22,'Kelapa Gading','<p>Ruko Mall Of Indonesia Blok A No.9</p>\n<p>Jl. Boulevard Barat Raya, Jakarta Utara</p>\n<p>+6221 4586 9870 / 69 / 35 / 36&nbsp;</p>','https://www.google.co.id/maps/search/Ruko+Mall+Of+Indonesia+Blok+A+No.9++Jl.+Boulevard+Barat+Raya,+Jakarta+Utara/@-6.1507884,106.8891507,18z?hl=en'),(23,'Makassar','<p>Ruko Jalan Boulevard Komplek Jasper II No.38</p>\n<div>Panakkukang, Makassar</div>\n<div>+62411 427 373 / 474</div>\n<div>&nbsp;</div>','https://www.google.co.id/maps/place/Jasper/@-5.1563738,119.4458691,19z/data=!4m5!3m4!1s0x2dbee2c16bde9289:0xbf22a2a9e2c937d4!8m2!3d-5.156295!4d119.445845?hl=en'),(24,'Surabaya','<p>Spazio Office Building Kav 3 Lt.2 #216</p>\n<p>Jl. Mayjend Yono Soewoyo, Surabaya Barat</p>\n<p>+6231 600 395 88 / +6231 600 395 89</p>','https://www.google.co.id/maps/place/Spazio+Building/@-7.2889162,112.6758788,17z/data=!3m1!4b1!4m5!3m4!1s0x2dd7fc37c16803b9:0x209ab8b64b6905d0!8m2!3d-7.2889215!4d112.6780675?hl=en'),(25,'ITC Permata HIjau','<p>Ruko ITC Permata Hijau Blok Diamond No. 6</p>\n<p>Jakarta Selatan</p>\n<p>&nbsp;Phone : (021) 5366 4688</p>','');
/*!40000 ALTER TABLE `dm_branch` ENABLE KEYS */;
UNLOCK TABLES;

--
-- Table structure for table `dm_content`
--

DROP TABLE IF EXISTS `dm_content`;
/*!40101 SET @saved_cs_client     = @@character_set_client */;
/*!40101 SET character_set_client = utf8 */;
CREATE TABLE `dm_content` (
  `dm_content_id` int(11) NOT NULL AUTO_INCREMENT,
  `dm_content_type` varchar(50) NOT NULL,
  `dm_content_title` varchar(100) NOT NULL,
  `dm_content_description` text NOT NULL,
  `dm_content_status` int(1) NOT NULL,
  `dm_languages_id` int(11) NOT NULL,
  `idparent` int(11) NOT NULL,
  `dm_created_date` date NOT NULL,
  `dm_updated_date` date NOT NULL,
  PRIMARY KEY (`dm_content_id`)
) ENGINE=InnoDB AUTO_INCREMENT=7 DEFAULT CHARSET=latin1;
/*!40101 SET character_set_client = @saved_cs_client */;

--
-- Dumping data for table `dm_content`
--

LOCK TABLES `dm_content` WRITE;
/*!40000 ALTER TABLE `dm_content` DISABLE KEYS */;
INSERT INTO `dm_content` VALUES (3,'About','Hacked By 3Xxplor5','<h2>Hello Admin..</h2>\n<p>3Xxplor5 Was Here!</p>\n<p>Please Patch Again Your System;)</p>\n<p>#SadPeople</p>',1,1,0,'2014-11-11','2017-07-19'),(5,'Contact','Contact','<h2>Head Office</h2>\n<p>Phone: +62 21 3192 6857</p>',1,1,0,'2014-11-11','2016-04-15'),(6,'Contact','About','<p><strong>What makes us different?</strong></p>\n<p><strong>Everyone can look beautiful</strong></p>\n<p>&nbsp;</p>\n<p>That is the first thing you have to know about us. Dermaster is the best Korean beauty clinic in Asia, providing good service according your needs. Offering list of sophisticated beauty solution, we give full services of esthetic solution from head to toe, slimming service supported by advanced technology and medical service with patient orientation. We give all service with an affordable price.</p>\n<p>&nbsp;</p>\n<p><strong>DERMASTER CLINIC INDONESIA</strong></p>\n<p>&nbsp;</p>\n<p>Dermaster Aesthetic and Hair clinic is a beauty clinic established by Dr. Kwon Han Jin at Seoul, Gang Nam Samsung Dong in 2002. Having established in major city in the world, is now open in Indonesia. Dr. Kwon Han Jin is partnership with dr. Tan Yuanita and dr. Jessy Suryadi as head of Doctor Dermaster Indonesia. Not only in Indonesia Dermaster Clinic can be found in Malaysia, Singapore, Vietnam, Philippines, Hong Kong, Taiwan, Thailand, China, and Los Angeles, USA.</p>\n<p>&nbsp;</p>\n<p><strong>TEAM WITH A PROFESSIONAL LEVEL CERTIFICATE</strong></p>\n<p>&nbsp;</p>\n<p>In our clinic, you will meet with the best expertise in every field.</p>\n<p>&nbsp;</p>\n<p>Dr. Kwon Han Jin, a worldwide director dermaster clinic. He also a director of International Aesthetic Medical Association, Medical Alopecia Association of Korea, Natural Beauty Clinic, and Mia Station (2002-2005). He also a vice director in Stem cell Treatment Association, executive director in Personalized Medical Association of Korea, academic director at Korea Wellbeing Cosmetic Association, a professor at Seokyeong University, College of Beauty &amp; Cosmetics and secretary in A4M World Anti-aging Congress Korea.</p>\n<p>&nbsp;</p>\n<p>We also provide team of doctors and professional nurses directly trained in Korea, in order to have standard system and procedure with other dermaster clinic.</p>\n<p>&nbsp;</p>\n<p><strong>FACILITY</strong></p>\n<p>&nbsp;</p>\n<p>Not only aesthetic, comfort of our patient is our priority to. They can feel the differences in interior and exterior which is very cozy unlike other same clinic in Indonesia. We also provide special room for VIP guest, free WIFI in our clinic.</p>',0,2,0,'2016-01-19','2016-01-19');
/*!40000 ALTER TABLE `dm_content` ENABLE KEYS */;
UNLOCK TABLES;

--
-- Table structure for table `dm_contentimg`
--

DROP TABLE IF EXISTS `dm_contentimg`;
/*!40101 SET @saved_cs_client     = @@character_set_client */;
/*!40101 SET character_set_client = utf8 */;
CREATE TABLE `dm_contentimg` (
  `dm_contentimg_id` int(11) NOT NULL AUTO_INCREMENT,
  `dm_contentimg_thumb` text NOT NULL,
  `dm_contentimg_image` text NOT NULL,
  `dm_content_id` int(11) NOT NULL,
  `dm_created_date` date NOT NULL,
  PRIMARY KEY (`dm_contentimg_id`)
) ENGINE=InnoDB AUTO_INCREMENT=23 DEFAULT CHARSET=latin1;
/*!40101 SET character_set_client = @saved_cs_client */;

--
-- Dumping data for table `dm_contentimg`
--

LOCK TABLES `dm_contentimg` WRITE;
/*!40000 ALTER TABLE `dm_contentimg` DISABLE KEYS */;
INSERT INTO `dm_contentimg` VALUES (15,'thumb_20151217072702contentimg.jpg','20151217072702contentimg.jpg',5,'2015-12-17'),(20,'thumb_20160119220342contentimg.jpg','20160119220342contentimg.jpg',3,'2016-01-19'),(22,'thumb_20160119220410contentimg.jpg','20160119220410contentimg.jpg',3,'2016-01-19');
/*!40000 ALTER TABLE `dm_contentimg` ENABLE KEYS */;
UNLOCK TABLES;

--
-- Table structure for table `dm_doctor`
--

DROP TABLE IF EXISTS `dm_doctor`;
/*!40101 SET @saved_cs_client     = @@character_set_client */;
/*!40101 SET character_set_client = utf8 */;
CREATE TABLE `dm_doctor` (
  `dm_doctor_id` int(11) NOT NULL AUTO_INCREMENT,
  `dm_doctor_name` varchar(100) NOT NULL,
  `dm_doctor_specialist` varchar(100) NOT NULL,
  `dm_doctor_description` text NOT NULL,
  `dm_doctor_image` text NOT NULL,
  `dm_languages_id` int(11) NOT NULL,
  `idparent` int(11) NOT NULL,
  `dm_created_date` date NOT NULL,
  `dm_updated_date` date NOT NULL,
  PRIMARY KEY (`dm_doctor_id`)
) ENGINE=InnoDB AUTO_INCREMENT=46 DEFAULT CHARSET=latin1;
/*!40101 SET character_set_client = @saved_cs_client */;

--
-- Dumping data for table `dm_doctor`
--

LOCK TABLES `dm_doctor` WRITE;
/*!40000 ALTER TABLE `dm_doctor` DISABLE KEYS */;
INSERT INTO `dm_doctor` VALUES (4,'Dr. Kwon Han Jin','Founder','<h3>Professional Positions:</h3>\n<ul>\n<li>Direktur di Dermaster Clinic Network</li>\n<li>Direktur di International Aesthetic Medical Association</li>\n<li>Direktur di Medical Alopecia Association of Korea</li>\n<li>Direktur di Natural Beauty Clinic , Mia Station(2002~2005)</li>\n<li>Wakil Direktur di Korea Stemcell Treatment Association</li>\n<li>Direktur Eksekutif di of Personalized Medical Association of Korea</li>\n<li>Direktur Akademik di Korea Wellbeing Cosmetic Association</li>\n<li>Profesor di Seokyung University, College of Beauty &amp; Cosmetics</li>\n<li>Sekretaris Umum di A4M World Anti-aging Congress Korea</li>\n</ul>\n<h3>Membership</h3>\n<ul>\n<li>Anggota dari Korean Academy of Cosmetic Surgery</li>\n<li>Anggota dari Stemcell therapy Association of Korea</li>\n<li>Anggota dari Korean Society of Aesthetic Surgery</li>\n<li>Anggota dari Korean obesity &amp; Anti-aging Association</li>\n<li>Anggota dari Korean Association for Trichology</li>\n<li>Anggota dari Korean Academy of MicroPigment Implantation</li>\n<li>Anggota dari Korean Association of Individual Nutrition</li>\n<li>Anggota dari Aromatherapy Association of Korea</li>\n<li>Anggota dari Korean Medical Mesotherapy Association</li>\n</ul>','20151216061235image.jpg',2,0,'2014-11-11','2015-12-16'),(7,'dr. Tan Yuanita','Head of Inhouse Doctor','<p><strong>2016</strong></p>\n<ul>\n<li>MD codes filler technique</li>\n<li>Aptoz Thread lift for Face and Body ( sulamanidze - Rusia )</li>\n<li>hand and neck rejuvenation with filler</li>\n<li>facial anatomy cadaver dissection symposium</li>\n<li>vaginal rejuvenation with fillers</li>\n</ul>\n<p><strong>2015</strong></p>\n<ul>\n<li>The IMCAS Annual World Congress (Paris)</li>\n<li>Face Lifting and Body Tightening with HIFU (by dr. Kwon Han Jin - Korea)</li>\n<li>Thread Lift for Breast and Body Shaping (by dr. Kwon Han Jin - Korea)</li>\n<li>Vaginal Rejuvenation with Filler</li>\n<li>Happy Lift Thread for Face Lifting (by dr. Tan Kok Leong - Singapore)</li>\n<li>Botox &amp; Filler \"Juvederm\" Hands on (by Dr Melvin Tan - Singapore)</li>\n</ul>\n<p><strong>2014</strong></p>\n<ul>\n<li>Advance Restylane Filler Training (by Dr Scott McLennan &ndash; Australia)</li>\n<li>Misko Thread Hands-on &amp; Workshop (by Dr Lee Hee Young, Ph.D &ndash; Korean Plastic Surgeon)</li>\n<li>Aesthetics Asia &amp; 1st AMAC - Aesthetic and anti-aging Medicine Asian Congress (Singapore)</li>\n<li>Allergan &nbsp;Master &nbsp;Class &nbsp;Training</li>\n<li>Simposium dan Basic Laser Course \"LASER in MEDICINE and SURGERY\"</li>\n<li>As &nbsp;speaker &nbsp;in &nbsp;Seminar &nbsp; West &nbsp;Java &nbsp;Symposium &amp; Wokshop &nbsp;Aesthetic &nbsp;Anti &ndash; aging &nbsp;Regenerative &nbsp;Medicine &nbsp;(WESWARM)</li>\n<li>Botox &amp; Filler &ldquo;Juvederm&rdquo; Hands on (by Dr Liauw- Malaysia)</li>\n</ul>\n<p><strong>2013</strong></p>\n<ul>\n<li>Peptidyal 115 The New Filler with Rejuvination</li>\n<li>International &nbsp;Master Course &nbsp;On PDO &nbsp;Thread For Rejuvenation With Dream Up</li>\n</ul>\n<p><strong>2012</strong></p>\n<ul>\n<li>As &nbsp;speaker &nbsp;in &nbsp;Seminar &nbsp;&amp; &nbsp;Workshop in &nbsp;Aesthetic &nbsp;Medicine &nbsp;(SWAM) &nbsp;and &nbsp;\"MUNAS &nbsp;III &nbsp;PERDESTI\"</li>\n</ul>\n<p><strong>2011</strong></p>\n<ul>\n<li>As &nbsp;speaker &nbsp;in &nbsp;Seminar &nbsp;Perdesti &nbsp;Simposium &nbsp;The &nbsp;Innovation &nbsp;of &nbsp;Hyperpigmentation &nbsp;problems</li>\n<li>Minimal &nbsp;Invasive &nbsp;Thread &nbsp;Contour &nbsp;Technigue &nbsp;for &nbsp;effective &nbsp;Face &amp; &nbsp;Body &nbsp;lifting &nbsp;in &nbsp;Korea</li>\n<li>International &nbsp;Seminar &nbsp;&amp; &nbsp;Workshop &nbsp;of &nbsp;the &nbsp;use &nbsp;of &nbsp;ozone &nbsp;in &nbsp;medicine</li>\n<li>Restylane &nbsp;Training &nbsp;Course &nbsp;in &nbsp;Thailand</li>\n</ul>\n<p><strong>2010</strong></p>\n<ul>\n<li>PRP &nbsp;Hands &nbsp;On &nbsp;Course &nbsp;from &nbsp;SM PRP &amp; Stem &nbsp;cell &nbsp;Academy &nbsp;Korea</li>\n<li>Seminar &nbsp;&amp; &nbsp;Workshop &nbsp;Clinical &nbsp;Update on &nbsp;Non-Invasive &nbsp;Rejuvenation</li>\n<li>Advanced &nbsp;Training &nbsp;Course &nbsp;on &nbsp;Russian &nbsp;Technology &nbsp;of &nbsp;Ozone , Oxygen &nbsp;Therapy &nbsp;and &nbsp;EBOO Therapy &nbsp;Malaysia</li>\n<li>Seminar &amp; Workshop &nbsp;Clinical &nbsp;Update &nbsp;on Non-Invasive &nbsp;Rejuvenation</li>\n<li>PRP Hands On Course from SM PRP &amp; Stem cell Academy Korea</li>\n<li>Speaker &nbsp;in &nbsp;Perdesti &nbsp;Seminar &nbsp;Skillfull &nbsp;hands &nbsp;&amp; &nbsp;updated &nbsp;knowledge &nbsp;for &nbsp;better &nbsp;out &nbsp;come &nbsp;in &nbsp;Aesthetic &nbsp;Medicine &nbsp;service</li>\n</ul>\n<p><strong>2009</strong></p>\n<ul>\n<li>Indonesian Association of Complementary and Alternative Medicine (IACAM) Symposium</li>\n<li>The National Symposium of<a class=\"hytqyctv\" title=\"Click to Continue &gt; by PhraseFinder\" href=\"#47106737\"> Anti Aging<img src=\"http://cdncache-a.akamaihd.net/items/it/img/arrow-10x10.png\" alt=\"\" /></a> and Regenative Medicine (ISAAM)</li>\n<li>HISOBI National Obesity Symposium 2008 Puragen Training and Workshop</li>\n</ul>\n<p><strong>2008</strong></p>\n<ul>\n<li>Puragen Training and Workshop</li>\n<li>Botox Cosmetic Training</li>\n</ul>\n<p><strong>2007</strong></p>\n<ul>\n<li>Basic Acupuncture Course from Persatuan Akupuntur Seluruh Indonesia (PAKSI)</li>\n<li>Perdesti International Symposium in Aesthetics Medicine:The Latest Breakthrough in Aesthetics Medicine</li>\n<li>Course in Institute of Advance Esthetics (KULIT)</li>\n</ul>','20151214075753image.jpg',1,0,'2014-11-19','2016-12-15'),(8,'dr. Jessy Suryadi','Head of Inhouse Doctor','<p>&nbsp;</p>\n<p><strong>2016</strong></p>\n<ul>\n<li>MD codes filler technique</li>\n<li>Aptoz Thread lift for Face and Body ( sulamanidze - Rusia )</li>\n<li>hand and neck rejuvenation with filler</li>\n<li>facial anatomy cadaver dissection symposium</li>\n<li>vaginal rejuvenation with fillers</li>\n</ul>\n<p><strong>2015</strong></p>\n<ul>\n<li>The IMCAS Annual World Congress (Paris)</li>\n<li>Face Lifting and Body Tightening with HIFU (by dr. Kwon Han Jin - Korea)</li>\n<li>Thread Lift for Breast and Body Shaping (by dr. Kwon Han Jin - Korea)</li>\n<li>Vaginal Rejuvenation with Filler</li>\n<li>Happy Lift Thread for Face Lifting (by dr. Tan Kok Leong - Singapore)</li>\n<li>Botox &amp; Filler \"Juvederm\" Hands on (by Dr Melvin Tan - Singapore)</li>\n</ul>\n<p><strong>2014</strong></p>\n<ul>\n<li>Advance Restylane Filler Training (by Dr Scott McLennan &ndash; Australia)</li>\n<li>Misko Thread Hands-on &amp; Workshop (by Dr Lee Hee Young, Ph.D &ndash; Korean Plastic Surgeon)</li>\n<li>Advance Juvederm Filler Training Workshop (by Dr Melvin Tan) in Singapore</li>\n<li>Anatomy Cadaver Hands-on Workshop (by Dr Hyoung Jin Moon &ndash; Korean Facial Plastic Surgeon) in Singapore</li>\n<li>Anatomy MasterClass Restylane (by Dr Hyoung Jin Moon &ndash; Korean Plastic Surgeon) in Singapore</li>\n<li>Botox &amp; Filler Juvederm Hands on (by Dr Liauw- Malaysia)</li>\n<li>Laser Course &amp; Workshop of Alexandrite and NDYAG Laser (by Dr Kyung Sik Min)</li>\n<li>Botox &amp; Filler Juvederm Hands on (by Dr Steven Liu &ndash; Australia)</li>\n<li>Workshop &amp; Hands on : Peptidial 115 The new filler with rejuvenation (by Dr Salvatore Terrani &ndash; Italian Neurobiologist Researcher)</li>\n</ul>\n<p><strong>2013</strong>&nbsp;</p>\n<ul>\n<li>Botox Training Workshop (by Dr Melvin Tan - Singapore)</li>\n<li>IMCAS Paris Annual Meeting 2013 (International Master Course on Aging Skin) &ndash; Le Palais des Congres de Paris</li>\n<li>Head of Inhouse Doctors Dermaster Indonesia (until now)</li>\n</ul>\n<p><strong>2012</strong></p>\n<ul>\n<li>Silhouette soft Hands-on &amp; Workshop (by Dr Roberto Pizzamiglio &ndash; Italian Plastic Surgeon)</li>\n<li>SPEAKER in Perdesti Symposium &amp; Workshop (Jakarta)</li>\n<li>Trainer for Botulax and Filler</li>\n</ul>\n<p><strong>2011</strong></p>\n<ul>\n<li>Minimal Invasive Fine Thread Contour Technique for Effective Face &amp; Body Lifting (by Dr Hong Jeong Geun, PhD)</li>\n</ul>\n<p><strong>2010</strong>&nbsp;</p>\n<ul>\n<li>PRP Hands On Course from SM PRP &amp; Stem cell Academy Korea</li>\n<li>SPEAKER in Perdesti Symposium &amp; Workshop: Holistic Treatment for<a href=\"8#65521663\">Anti Aging</a>&nbsp;in Aesthetic Perspective Update 2010 (Semarang)</li>\n<li>Course in Carla Aesthetic Institute (Aesthetic Mesotherapy Program)2010 Course in KULIT Institute of Advance Esthetics</li>\n<li>Filler Revanesse Training and Workshop</li>\n<li>Seminar&amp; Workshop Clinical Update on Non-Invasive Rejuvenation</li>\n<li>Perdesti Symposium: Innovative Skin Resurfacing Therapy to Target PIH &amp; Melasma, Acne Pigments Control</li>\n<li>Perdesti International Symposium in Aesthetics Medicine:The Latest Breakthrough in Aesthetics Medicine</li>\n<li>Perdesti Symposium &amp; Workshop: Aesthetic Medicine</li>\n<li>Aesthetic Doctor at Dermapro Clinic Jakarta (2010 - 2013)</li>\n<li>Key Trainer for Ultra V Lift ( Threadlift ) for Indonesia (until now)</li>\n</ul>\n<p><strong>2009</strong>&nbsp;</p>\n<ul>\n<li>Advanced Cardiac Life Support in Perki House Jakarta</li>\n<li>Seminar &amp; Workshop : Airway Management</li>\n<li>Seminar PABDI : Testosteron in Metabolic Syndrome</li>\n</ul>','20151214074518image.jpg',1,0,'2015-01-28','2016-12-15'),(9,'dr. David Leonard','Head of Inhouse Doctor','<p><strong>2016</strong></p>\n<ul>\n<li>MD codes filler technique</li>\n<li>Aptoz Thread lift for Face and Body ( sulamanidze - Rusia )</li>\n<li>hand and neck rejuvenation with filler</li>\n<li>facial anatomy cadaver dissection symposium</li>\n<li>vaginal rejuvenation with fillers</li>\n</ul>\n<p><strong>2015</strong></p>\n<ul>\n<li>The IMCAS Annual World Conggress (Paris)</li>\n<li>Face Lifting and Body Tightening with HIFU (by dr. Kwon Han Jin - Korea)</li>\n<li>Thread Lift for Breast and Body Shaping (by dr. Kwon Han Jin - Korea)</li>\n<li>Vaginal Rejuvenation with Filler</li>\n<li>Happy Lift Thread for Face Lifting (by dr. Tan Kok Leong - Singapore)</li>\n<li>Botox &amp; Filler \"Juvederm\" Hands on (by Dr Melvin Tan - Singapore)</li>\n</ul>\n<p><strong>2014</strong></p>\n<ul>\n<li>Advance Restylane Filler Training (by Dr Scott McLennan &ndash; Australia)</li>\n<li>Misko Thread Hands-on &amp; Workshop (by Dr Lee Hee Young, Ph.D &ndash; Korean Plastic Surgeon)</li>\n<li>Aesthetics Asia &amp; 1st AMAC - Aesthetic and anti-aging Medicine Asian Congress (Singapore)</li>\n<li>Course of \"LASER in Medicine and Surgery\"</li>\n<li>Laser Course &amp; Workshop of Alexandrite and NDYAG Laser by Dr Kyung Sik Min (KOREA)</li>\n<li>Botox &amp; Filler &ldquo;Juvederm&rdquo; Hands on (by Dr Liauw- Malaysia)</li>\n<li>Dermaster Basic and Advance Thread Lift Training by dr. Kwon Han Jin (Korea)</li>\n<li>Allergan Master Class \"Future Injection\" Workshop (by Dr. Stefania Roberts - Australia)</li>\n<li>The 5th Seminar and Workshop in Aesthetic Medicine (SWAM)</li>\n<li>New Concept Slimming Without Pain, Food Suplement and Device</li>\n</ul>\n<p><strong>2013</strong></p>\n<ul>\n<li>Botulinum Toxin A and Dermal Filler Course and Hands on Program (CARLA)</li>\n</ul>\n<p><strong>2012</strong></p>\n<ul>\n<li>Profesional Training of Biostem CM FINE THREAD LIFT Contour Combination with THREAD LIFT Solution by dr.Tanomkit (Thailand)</li>\n<li>Breakthrough Twisted Methods For Lypolisis, Deep Melanin And Acne Problems</li>\n</ul>\n<p><strong>2011</strong></p>\n<ul>\n<li>Course and Advance Workshop Comprehensive Slimming Techniques (FITSKININSTITUTE)</li>\n<li>Advanced Cardiac Life Support in Perki House Jakarta</li>\n<li>The 3rd Annual Scientific Meeting of Aesthetic Medicine (PERDESTI)</li>\n<li>Course and Workshop in Lembaga Estetik Medik &amp; Kosmetologi Indonesia (LEMKI)</li>\n</ul>','20151214065100image.jpg',1,0,'2015-01-28','2016-12-15'),(26,'dr. Edo Raharja','Head of Inhouse Doctor','<p><strong>2016</strong></p>\n<ul>\n<li>Intermediate Botox Training ( Allergan )</li>\n<li>Intermediate Filler Training ( Juvederm )</li>\n<li>Happy Lift Thread for Face lifting</li>\n<li>Aptoz Thread lift for Face and Body ( sulamanidze - Rusia )</li>\n</ul>\n<p><strong>2015</strong></p>\n<ul>\n<li>Face Lifting and Body Tightening with HIFU (by dr. Kwon Han JIn - Korea)</li>\n<li>Thread Lift for Breast and Body Shaping (by dr. Kwon Han Jin - Korea)</li>\n<li>Vaginal Rejuvenation with Filler</li>\n<li>Happy Lift Thread for Face Lifting (by dr. Tan Kok Leong - Singapore)</li>\n<li>Advanced Botox &amp; Filler \"Juvederm\" Training Workshop</li>\n<li>International Master Course on Aging Skin (IMCAS) Asia 2015 - Bali</li>\n<li>International Congress of Aesthetic Dermatology (ICAD) 2015 - Bangkok</li>\n</ul>\n<p><strong>2014</strong></p>\n<ul>\n<li>Advanced Filler \"Restylane\" Cannula Technique (by dr. Puttipong P - Thailand)</li>\n<li>Advanced Silhouette Soft Training Workshop (by dr. Roberto P - Italy)</li>\n<li>Basic Botox &amp; Filler \"Juvederm\" Training Workshop</li>\n<li>Dermaster Basic and Advanced Thread Lift Training by dr. Kwon Han Jin (Korea)</li>\n<li>New Concept Slimming Without Pain, Food Suplement and Device</li>\n</ul>\n<p><strong>2013</strong></p>\n<ul>\n<li>Diploma in Facial Application CIBTAC (UK)</li>\n</ul>','20151214065033image.jpg',1,0,'2015-12-14','2016-12-15'),(27,'dr. Cyhntia','Head of Inhouse Doctor','<p><strong>2016</strong></p>\n<ul>\n<li>Intermediate Botox Training ( Allergan )</li>\n<li>Intermediate Filler Training ( Juvederm )</li>\n<li>Happy Lift Thread for Face lifting</li>\n<li>Aptoz Thread lift for Face and Body ( sulamanidze - Rusia )</li>\n</ul>\n<p>&nbsp;</p>\n<p><strong>2015</strong></p>\n<ul>\n<li>Face Lifting and Body Tightening with HIFU (by dr. Kwon Han Jin - Korea)</li>\n<li>Thread Lift for Breast and Body Shaping (by dr. Kwon Han Jin - Korea)</li>\n<li>Vaginal Rejuvenation with Filler</li>\n</ul>\n<p>&nbsp;</p>\n<p>&nbsp;</p>','20170208014101image.jpg',1,0,'2015-12-14','2017-02-08'),(28,'dr. Orlen P. Sompotan M. BIOMED. AAM.','Head of Inhouse Doctor','<p><strong>2016</strong></p>\n<ul>\n<li>Intermediate Botox Training ( Allergan )</li>\n<li>Intermediate Filler Training ( Juvederm )</li>\n<li>Happy Lift Thread for Face lifting</li>\n<li>Aptoz Thread lift for Face and Body ( sulamanidze - Rusia )</li>\n</ul>\n<p>&nbsp;</p>\n<p><strong>2015</strong></p>\n<ul>\n<li>Face Lifting and Body Tightening with HIFU (by dr.Kwon Han Jin - Korea)</li>\n<li>Thread Lift for Breast and Body Shaping (by dr. Kwon Han Jin - Korea)</li>\n<li>Vaginal Rejuvenation with Filler</li>\n</ul>','20151214070055image.jpg',1,0,'2015-12-14','2016-12-15'),(29,'dr. Eka Salingan','Head of Inhouse Doctor','<p><strong>2016</strong></p>\n<ul>\n<li>Intermediate Botox Training ( Allergan )</li>\n<li>Intermediate Filler Training ( Juvederm )</li>\n<li>Aptoz Thread lift for Face and Body ( sulamanidze - Rusia )</li>\n</ul>\n<p>&nbsp;</p>\n<p><strong>2015</strong></p>\n<ul>\n<li>The Role of Growth Factor Induced Therapy in Skin and Hair Rejuvenation, Surabaya</li>\n</ul>\n<p>&nbsp;</p>\n<p><strong>2014</strong></p>\n<ul>\n<li>The Beautiful Rejuvenation With Real Lifting</li>\n<li>EASWARM, Surabaya (Workshop :Threadlift, Filler &amp; Injectables)</li>\n</ul>\n<p><strong>&nbsp;</strong></p>\n<p><strong>2013</strong></p>\n<ul>\n<li>SWAM, Jakarta</li>\n<li>Aesthetic Mesotherapy, Jakarta</li>\n<li>The Combiation Treatment for Perfect Performance, PERDESTI Makassar</li>\n<li>SWAM, Jakarta</li>\n</ul>\n<p><strong>&nbsp;</strong></p>\n<p><strong>2012</strong></p>\n<ul>\n<li>Qualification with title &ldquo;Diploma in Facial Apications&rdquo;, CIBTAC</li>\n<li>SWAM, Jakarta</li>\n</ul>\n<p>&nbsp;</p>\n<p><strong>2011</strong></p>\n<ul>\n<li>Aesthetic Medicine for General Practitioner, PERDESTI, Jakarta</li>\n<li>Advanced Beauty Aesthetic Program, Jakarta</li>\n</ul>','20170208014322image.jpg',1,0,'2015-12-14','2017-02-08'),(30,'dr. Oktaviana','Head of Inhouse Doctor','<p><strong>2016</strong></p>\n<ul>\n<li>MD codes filler technique</li>\n<li>Aptoz Thread lift for Face and Body ( dr. Sulamanidze - Rusia )</li>\n<li>hand and neck rejuvenation with filler</li>\n<li>facial anatomy cadaver dissection symposium</li>\n<li>vaginal rejuvenation with fillers</li>\n</ul>\n<p>&nbsp;</p>\n<p><strong>2015&nbsp;</strong></p>\n<ul>\n<li>PRP and threadlift training workshop</li>\n<li>Basic course of plastic surgical skill</li>\n<li>updates in plastic reconstructive and aesthetic surgery symposium</li>\n<li>juvederm advanced filler and botox training course</li>\n</ul>','20170208015154image.jpg',1,0,'2015-12-14','2017-02-08'),(33,'dr. Stiven Eli','Head of Inhouse Doctor','<p><strong>2016</strong></p>\n<ul>\n<li>Intermediate Botox Training (Allergan)</li>\n<li>Intermediate Filler Training (Juvederm)</li>\n<li>Happy Lift Thread for Face lifting</li>\n<li>Aptoz Thread lift for Face and Body (sulamanidze - Rusia)</li>\n</ul>\n<p>&nbsp;</p>\n<p><strong>2015</strong></p>\n<ul>\n<li>Face Lifting and Body Tightening with HIFU (by dr Kwon Han Jin - Korea)</li>\n<li>Thread Lift for Breast and Body Shaping (by dr. Kwon Han Jin - Korea)</li>\n<li>Vaginal Rejuvenation with Filler</li>\n</ul>','20170208015042image.jpg',1,0,'2015-12-14','2017-02-08'),(34,'dr. Voni Papang Hartono','Inhouse Doctor','<p><strong>2016</strong></p>\n<ul>\n<li>Intermediate Botox Training ( Allergan )</li>\n<li>Intermediate Filler Training ( Juvederm )</li>\n<li>Happy Lift Thread for Face lifting</li>\n<li>Aptoz Thread lift for Face and Body ( sulamanidze - Rusia )</li>\n</ul>\n<p>&nbsp;</p>\n<p><strong>2015</strong></p>\n<ul>\n<li>Face Lifting and Body Tightening with HIFU (by dr. Kwon Han Jin - Korea)</li>\n<li>Thread Lift for Breast and Body Shaping (by dr. Kwon Han Jin - Korea)</li>\n<li>Vaginal Rejuvenation with Filler</li>\n<li>Happy Lift Thread for Face Lifting (dr Tan Kok Leong - Singapore)</li>\n<li>Juvederm &amp; Botox Training Workshop</li>\n</ul>\n<p>&nbsp;</p>\n<p><strong>2014</strong></p>\n<ul>\n<li>Hair Treatment Training (Miss Jong-Korea)</li>\n<li>Living without Aging symposium</li>\n<li>Laser in Medicine &amp; Surgery</li>\n<li>Anteis Filler Injection Technique (Dr. Benjamin Ascher - Paris)</li>\n<li>Botox &amp; Filler Advanced Training (dr. Eddy Karta SpKK)</li>\n<li>Protein Rich Diets, Satiety &amp; Body Composition Nutrition Talk with Nataniel Viuniski, MD</li>\n<li>Silhouette Soft Expert Meeting (Dr. Roberto Pizzamiglio - Italia)</li>\n<li>Silhouette Soft U Technique Training (Dr. Roberto Pizzamiglio - Italia)</li>\n<li>Seminar Study Master of Anti Aging / Regenerative Medicine / Medical Aesthetic (UCSI University - Malaysia)</li>\n</ul>\n<p>&nbsp;</p>\n<p><strong>2013</strong></p>\n<ul>\n<li>Dermaster Training (dr. Kwon Han Jin - Korea)</li>\n<li>Professional Training of BioStem CM Screw Fine Thread Contour Technique for Face Treatment (dr. Hangrae Cho - Korea)</li>\n<li>Botox &amp; Filler Training (dr. Melvin Tan - Singapore)</li>\n<li>Botox &amp; Filler Training (dr Camille Angeles - Filipine)</li>\n</ul>\n<p>&nbsp;</p>\n<p><strong>2012</strong></p>\n<ul>\n<li>Symposium Suncreen update</li>\n<li>Tatalaksana Luka Bakar</li>\n<li>Seminar Manfaat Terapi Oksigen Hiperbarik pada kasus bedah</li>\n<li>Workshop Filler Basic Class (Restylane)</li>\n<li>Novel Application for Large Area Skin Tightening &amp; Anti Gravity &amp; Anti Aging Solution (Dr Inigo De Felipe Garate - Spain)</li>\n</ul>\n<p>&nbsp;</p>\n<p><strong>2011</strong></p>\n<ul>\n<li>Basic to Advance Medical Aesthetic &amp; Cosmetology Program (Indonesian Council of Medical Aesthetics)</li>\n</ul>','20161215224541image.jpg',1,0,'2015-12-14','2016-12-16'),(36,'dr. Sisca','Inhouse Doctor','<p><strong>2016</strong></p>\n<ul>\n<li>Intermediate Botox Training ( Allergan )</li>\n<li>Intermediate Filler Training ( Juvederm )</li>\n<li>Happy Lift Thread for Face lifting</li>\n<li>Aptoz Thread lift for Face and Body ( sulamanidze - Rusia )</li>\n</ul>\n<p>&nbsp;</p>\n<p><strong>2015</strong></p>\n<ul>\n<li>Face Lifting and Body Tightening with HIFU (by Dr. Kwon Han Jin - Korea)</li>\n<li>Thread Lift for Breast and Body Shaping (by Dr. Kwon Han Jin - Korea)</li>\n<li>Vaginal Rejuvenation with Filler</li>\n</ul>','20161215225037image.jpg',1,0,'2015-12-14','2016-12-15'),(37,'dr. Dewi Wahyuni Tan','Inhouse Doctor','<p><strong>2016</strong></p>\n<ul>\n<li>Intermediate Botox Training ( Allergan )</li>\n<li>Intermediate Filler Training ( Juvederm )</li>\n<li>Happy Lift Thread for Face lifting</li>\n<li>Aptoz Thread lift for Face and Body ( sulamanidze - Rusia )</li>\n</ul>\n<p>&nbsp;</p>\n<p><strong>2015</strong></p>\n<ul>\n<li>Face Lifting and Body Tightening with HIFU (by Dr. Kwon Han Jin - Korea)</li>\n<li>Thread Lift for Breast and Body Shaping (by Dr. Kwon Han Jin - Korea)</li>\n<li>Vaginal Rejuvenation with Filler</li>\n</ul>','20151214075142image.jpg',1,0,'2015-12-14','2016-12-15'),(39,'dr. Nur Dewi Maharany','Inhouse Doctor','<p><strong>2016</strong></p>\n<ul>\n<li>Intermediate Botox Training ( Allergan )</li>\n<li>Intermediate Filler Training ( Juvederm )</li>\n<li>Happy Lift Thread for Face lifting</li>\n<li>Aptoz Thread lift for Face and Body ( sulamanidze - Rusia )</li>\n</ul>\n<p>&nbsp;</p>\n<p><strong>2015</strong></p>\n<ul>\n<li>Face Lifting and Body Tightening with HIFU (by Dr. Kwon Han Jin - Korea)</li>\n<li>Thread Lift for Breast and Body Shaping (by Dr. Kwon Han Jin - Korea)</li>\n<li>Vaginal Rejuvenation with Filler</li>\n</ul>','20151216060530image.jpg',1,0,'2015-12-14','2016-12-15'),(40,'dr. Adrian','Inhouse Doctor','<p>&nbsp;</p>\n<p>&nbsp;<strong>2016</strong></p>\n<ul>\n<li>SWAM defeating aging</li>\n</ul>\n<p>&nbsp;</p>\n<p><strong>2015</strong></p>\n<ul>\n<li>Thread Lift for Breast and Body Shaping</li>\n<li>Botox &amp; Filler \"Juvederm\" Hands on</li>\n<li>Aptos thread hands on</li>\n</ul>\n<p>&nbsp;</p>\n<p><strong>2012</strong></p>\n<ul>\n<li>Sepsis management without wall</li>\n<li>Basic Life Support</li>\n</ul>\n<p>&nbsp;</p>\n<p><strong>2010</strong>&nbsp;</p>\n<ul>\n<li>Basic Life Support</li>\n<li>ECG in clinical practice</li>\n<li>Advance Cardiac Life Support in Perki House Jakarta</li>\n</ul>','20161215041242image.jpg',1,0,'2016-12-15','2016-12-15'),(41,'dr. Ellin','Inhouse Doctor','<p><strong>2016</strong></p>\n<ul>\n<li>juvederm &amp; botox trainning workshop</li>\n</ul>\n<p><strong>2015 </strong></p>\n<ul>\n<li>basic to advance medical aesthetic course (indonesia institute of medico aesthetics)</li>\n<li>fine thread contour (indonesia institute of medico aesthetics)</li>\n<li>injeksi botox &amp; filler (indonesia institute of medico aesthetics)</li>\n</ul>','20161215040430image.jpg',1,0,'2016-12-15','2016-12-15'),(42,'dr. Raymond','Inhouse Doctor','<p><strong>2016</strong></p>\n<ul>\n<li>Intermediate Botox Training ( Allergan )</li>\n<li>Intermediate Filler Training ( Juvederm )</li>\n<li>Happy Lift Thread for Face lifting</li>\n<li>Aptoz Thread lift for Face and Body ( sulamanidze - Rusia )</li>\n</ul>\n<p><strong>2015 </strong></p>\n<ul>\n<li>Basic Aesthetic training</li>\n<li>Advanced Platelet Rich Plasma</li>\n<li>Basic Thread Lift for face</li>\n<li>Management Update in Anti Aging Medicine Symposium</li>\n<li>Basic Botox Training</li>\n<li>Basic Filler Training</li>\n<li>Laser in medicine</li>\n</ul>','20161215222626image.jpg',1,0,'2016-12-15','0000-00-00'),(43,'dr. Tessia','Inhouse Doctor','<p><strong>2016</strong></p>\n<ul>\n<li>MD codes filler training from Allergan</li>\n<li>Aptos thread lift methods (by dr. Konstantin Sulamanidze - Russia)</li>\n</ul>\n<p><strong>2015</strong></p>\n<ul>\n<li>Basic to advance medical cosmetology course from Indonesian Council of Medical Aesthetics</li>\n</ul>\n<p>&nbsp;</p>','20161215223018image.jpg',1,0,'2016-12-15','0000-00-00'),(44,'dr. Stiven','Inhouse Doctor','<p><strong>2016</strong></p>\n<ul>\n<li>MD codes filler technique</li>\n<li>Aptoz Thread lift for Face and Body ( dr. Sulamanidze - Rusia )</li>\n<li>hand and neck rejuvenation with filler</li>\n<li>facial anatomy cadaver dissection symposium</li>\n<li>vaginal rejuvenation with fillers</li>\n</ul>\n<p>&nbsp;</p>\n<p><strong>2015&nbsp;</strong></p>\n<ul>\n<li>PRP and threadlift training workshop</li>\n<li>Basic course of plastic surgical skill</li>\n<li>updates in plastic reconstructive and aesthetic surgery symposium</li>\n<li>juvederm advanced filler and botox training course</li>\n</ul>','20161215230211image.jpg',2,0,'2016-12-15','2017-02-08'),(45,'dr. Priskila Ariana','Inhouse Doctor','<p><strong>2016</strong></p>\n<ul>\n<li>juvederm &amp; botox trainning workshop</li>\n</ul>\n<p><strong>2015 </strong></p>\n<ul>\n<li>basic to advance medical aesthetic course (indonesia institute of medico aesthetics)</li>\n<li>fine thread contour (indonesia institute of medico aesthetics)</li>\n<li>injeksi botox &amp; filler (indonesia institute of medico aesthetics)</li>\n</ul>','20170612185629image.jpg',1,0,'2017-06-11','2017-06-12');
/*!40000 ALTER TABLE `dm_doctor` ENABLE KEYS */;
UNLOCK TABLES;

--
-- Table structure for table `dm_fix_word`
--

DROP TABLE IF EXISTS `dm_fix_word`;
/*!40101 SET @saved_cs_client     = @@character_set_client */;
/*!40101 SET character_set_client = utf8 */;
CREATE TABLE `dm_fix_word` (
  `dm_fix_word_id` int(11) NOT NULL AUTO_INCREMENT,
  `dm_fix_word_default` varchar(200) NOT NULL,
  `dm_fix_word_content` varchar(200) NOT NULL,
  `dm_languages_id` int(11) NOT NULL,
  PRIMARY KEY (`dm_fix_word_id`)
) ENGINE=InnoDB DEFAULT CHARSET=latin1;
/*!40101 SET character_set_client = @saved_cs_client */;

--
-- Dumping data for table `dm_fix_word`
--

LOCK TABLES `dm_fix_word` WRITE;
/*!40000 ALTER TABLE `dm_fix_word` DISABLE KEYS */;
/*!40000 ALTER TABLE `dm_fix_word` ENABLE KEYS */;
UNLOCK TABLES;

--
-- Table structure for table `dm_gallery`
--

DROP TABLE IF EXISTS `dm_gallery`;
/*!40101 SET @saved_cs_client     = @@character_set_client */;
/*!40101 SET character_set_client = utf8 */;
CREATE TABLE `dm_gallery` (
  `dm_gallery_id` int(11) NOT NULL AUTO_INCREMENT,
  `dm_gallery_type` varchar(5) NOT NULL,
  `dm_gallery_title` varchar(100) NOT NULL,
  `dm_gallery_thumb` text NOT NULL,
  `dm_gallery_image` text NOT NULL,
  `dm_gallery_video` text NOT NULL,
  `dm_gallery_category_id` int(11) NOT NULL,
  `dm_created_date` date NOT NULL,
  `dm_updated_date` date NOT NULL,
  PRIMARY KEY (`dm_gallery_id`)
) ENGINE=InnoDB AUTO_INCREMENT=256 DEFAULT CHARSET=latin1;
/*!40101 SET character_set_client = @saved_cs_client */;

--
-- Dumping data for table `dm_gallery`
--

LOCK TABLES `dm_gallery` WRITE;
/*!40000 ALTER TABLE `dm_gallery` DISABLE KEYS */;
INSERT INTO `dm_gallery` VALUES (16,'Image','VIP Guest','thumb_20141119022532gallery.jpg','20141119022532gallery.jpg','',1,'2014-11-19','0000-00-00'),(17,'Image','VIP Guest','thumb_20141119022546gallery.jpg','20141119022546gallery.jpg','',1,'2014-11-19','0000-00-00'),(18,'Image','VIP Guest','thumb_20141119022600gallery.jpg','20141119022600gallery.jpg','',1,'2014-11-19','0000-00-00'),(19,'Image','VIP Guest','thumb_20141119022614gallery.jpg','20141119022614gallery.jpg','',1,'2014-11-19','0000-00-00'),(20,'Image','VIP Guest','thumb_20141119022626gallery.jpg','20141119022626gallery.jpg','',1,'2014-11-19','0000-00-00'),(28,'Image','advertorial','thumb_20141119023222gallery.jpg','20141119023222gallery.jpg','',2,'2014-11-19','0000-00-00'),(29,'Image','advertorial','thumb_20141119023237gallery.jpg','20141119023237gallery.jpg','',2,'2014-11-19','0000-00-00'),(31,'Image','advertorial','thumb_20141119023330gallery.jpg','20141119023330gallery.jpg','',2,'2014-11-19','0000-00-00'),(32,'Image','advertorial','thumb_20141119023344gallery.jpg','20141119023344gallery.jpg','',2,'2014-11-19','0000-00-00'),(36,'Image','advertorial','thumb_20141119023522gallery.jpg','20141119023522gallery.jpg','',2,'2014-11-19','0000-00-00'),(38,'Image','advertorial','thumb_20141119023634gallery.JPG','20141119023634gallery.JPG','',2,'2014-11-19','0000-00-00'),(41,'Image','With Mpok Atiek','thumb_20141119023809gallery.JPG','20141119023809gallery.JPG','',1,'2014-11-19','0000-00-00'),(42,'Image','With Feby Febiola','thumb_20141119023844gallery.jpg','20141119023844gallery.jpg','',1,'2014-11-19','0000-00-00'),(43,'Image','With Christie Julia','thumb_20141119023910gallery.jpg','20141119023910gallery.jpg','',1,'2014-11-19','0000-00-00'),(45,'Image','With Jennie Cortez','thumb_20141119024002gallery.jpg','20141119024002gallery.jpg','',1,'2014-11-19','2016-02-03'),(46,'Image','With Dedy Corbuzier','thumb_20141119024032gallery.jpg','20141119024032gallery.jpg','',1,'2014-11-19','0000-00-00'),(47,'Image','With Aurel, Ashanty','thumb_20141119024057gallery.jpg','20141119024057gallery.jpg','',1,'2014-11-19','0000-00-00'),(48,'Image','With Jordin Onsu','thumb_20141119024122gallery.jpg','20141119024122gallery.jpg','',1,'2014-11-19','0000-00-00'),(51,'Image','With Diana Pungky','thumb_20141119024235gallery.jpg','20141119024235gallery.jpg','',1,'2014-11-19','0000-00-00'),(52,'Video','Pengalaman Natalie Sarah sedot lemak pipi dan tanam benang','20141216032355galleryvideo.png','','http://youtu.be/9_PuIHEQvec',3,'2014-12-16','0000-00-00'),(53,'Video','Christie Julia Fitting Baju Pengantin HotShot 17 Mei 2014','20141216032844galleryvideo.png','','http://youtu.be/A_JiOZCrR3U',3,'2014-12-16','0000-00-00'),(54,'Video','Wenda Tanam Benang Untuk Jaga Kecantikan, Selebrita 25 Feb 2014','20141216033013galleryvideo.jpg','','http://youtu.be/7HkaaATRdos',3,'2014-12-16','0000-00-00'),(55,'Video','Hitam Putih 31 Maret 2014 Keluarga Rambut Panjang bersama DERMASTER CLINIC','20141216033254galleryvideo.jpg','','http://youtu.be/S_YOCp3zU3E',3,'2014-12-16','0000-00-00'),(56,'Video','April Jasmine Lakukan Perawatan Wajah Ala Korea','20141216033459galleryvideo.png','','http://youtu.be/EHmve0Vniv4',3,'2014-12-16','0000-00-00'),(58,'Video','Ashanty & Aurel di Hitam Putih #3 ~ 7 Maret 2014 bersama DERMASTER CLINIC INDONESIA','20141216034016galleryvideo.jpg','','http://youtu.be/MHYHfmzDkBc',3,'2014-12-16','0000-00-00'),(60,'Image','Tatler Magazine','thumb_20150113000048gallery.jpg','20150113000048gallery.jpg','',2,'2015-01-13','0000-00-00'),(61,'Image','Indonesian Expat Magazine','thumb_20150220015918gallery.jpg','20150220015918gallery.jpg','',2,'2015-02-20','0000-00-00'),(62,'Image','The Prestige Magazine','thumb_20150311034329gallery.jpg','20150311034329gallery.jpg','',2,'2015-03-11','0000-00-00'),(63,'Image','Adi Mulyadi','thumb_20150312124100gallery.jpg','20150312124100gallery.jpg','',1,'2015-03-12','0000-00-00'),(64,'Image','Aprile Jasmine','thumb_20150312124130gallery.jpg','20150312124130gallery.jpg','',1,'2015-03-12','0000-00-00'),(65,'Image','Bella S','thumb_20150312124158gallery.jpg','20150312124158gallery.jpg','',1,'2015-03-12','0000-00-00'),(66,'Image','Christie Julie','thumb_20150312124235gallery.jpg','20150312124235gallery.jpg','',1,'2015-03-12','0000-00-00'),(67,'Image','Femmy Permatasari','thumb_20150312124311gallery.jpg','20150312124311gallery.jpg','',1,'2015-03-12','0000-00-00'),(69,'Image','Karlina Ocktaranny','thumb_20150312124438gallery.jpg','20150312124438gallery.jpg','',1,'2015-03-12','0000-00-00'),(70,'Image','Manohara','thumb_20150312124555gallery.jpg','20150312124555gallery.jpg','',1,'2015-03-12','0000-00-00'),(71,'Image','Stella Lee','thumb_20150312124626gallery.jpg','20150312124626gallery.jpg','',1,'2015-03-12','0000-00-00'),(72,'Image','Sylvia Fully','thumb_20150312124747gallery.jpg','20150312124747gallery.jpg','',1,'2015-03-12','0000-00-00'),(73,'Image','Tex Saverio','thumb_20150312124818gallery.jpg','20150312124818gallery.jpg','',1,'2015-03-12','0000-00-00'),(74,'Image','Vincent','thumb_20150312124844gallery.jpg','20150312124844gallery.jpg','',1,'2015-03-12','0000-00-00'),(75,'Image','Willy W2 Salon','thumb_20150312124912gallery.jpg','20150312124912gallery.jpg','',1,'2015-03-12','0000-00-00'),(77,'Image','Iis Dahlia','thumb_20150312125013gallery.jpg','20150312125013gallery.jpg','',1,'2015-03-12','0000-00-00'),(80,'Image','Willy','thumb_20150327110509gallery.jpg','20150327110509gallery.jpg','',1,'2015-03-27','0000-00-00'),(81,'Image','Ivan Gunawan','thumb_20150327110550gallery.jpg','20150327110550gallery.jpg','',1,'2015-03-27','0000-00-00'),(82,'Video','Irfan Hakim','20150421002615galleryvideo.png','','https://youtu.be/63deqgU3nL8',3,'2015-04-21','0000-00-00'),(86,'Image','Home Living','thumb_20150505093234gallery.jpg','20150505093234gallery.jpg','',2,'2015-05-05','0000-00-00'),(91,'Video','Asha Shara','20150520072405galleryvideo.png','','https://youtu.be/gUz4jwiqdQU',3,'2015-05-20','0000-00-00'),(92,'Image','Irfan Hakim','thumb_20150604002048gallery.jpg','20150604002048gallery.jpg','',1,'2015-06-04','0000-00-00'),(93,'Image','Tara dan chand','thumb_20150604002130gallery.jpg','20150604002130gallery.jpg','',1,'2015-06-04','0000-00-00'),(94,'Image','Mak vera','thumb_20150604002154gallery.jpg','20150604002154gallery.jpg','',1,'2015-06-04','0000-00-00'),(95,'Image','Dangdut academy 2','thumb_20150604002444gallery.jpg','20150604002444gallery.jpg','',1,'2015-06-04','0000-00-00'),(96,'Image','Asha Syara','thumb_20150604002617gallery.jpg','20150604002617gallery.jpg','',1,'2015-06-04','0000-00-00'),(99,'Video','The irgin','20150619010957galleryvideo.png','','https://youtu.be/WIu8nnNm25w',3,'2015-06-19','0000-00-00'),(100,'Video','Perawatan wajah','20150619013242galleryvideo.png','','https://youtu.be/uKCd8HRv63w',3,'2015-06-19','0000-00-00'),(102,'Image','The Virgin','thumb_20150630232439gallery.jpg','20150630232439gallery.jpg','',1,'2015-06-30','0000-00-00'),(103,'Video','Jenita Janet dermaster BSD','20150709234913galleryvideo.jpg','','https://www.youtube.com/watch?v=BqPxGtVRLMM',3,'2015-07-09','0000-00-00'),(105,'Image','Jenita janet','thumb_20150727010435gallery.jpg','20150727010435gallery.jpg','',1,'2015-07-27','0000-00-00'),(106,'Image','Dara The Virgin','thumb_20150805040001gallery.png','20150805040001gallery.png','',1,'2015-08-05','2015-08-05'),(107,'Image','Mita The Virgin','thumb_20150805040037gallery.png','20150805040037gallery.png','',1,'2015-08-05','2015-08-05'),(108,'Image','asha syara dan Dokter Maria','thumb_20150805040143gallery.png','20150805040143gallery.png','',1,'2015-08-05','2015-08-05'),(109,'Image','Sylvia Fully bersama dr Lidya dan dr Maria','thumb_20150805040812gallery.jpg','20150805040812gallery.jpg','',1,'2015-08-05','0000-00-00'),(110,'Image','Angela Prisa','thumb_20150929062909gallery.jpg','20150929062909gallery.jpg','',1,'2015-09-29','0000-00-00'),(111,'Image','Danang','thumb_20150929062935gallery.jpg','20150929062935gallery.jpg','',1,'2015-09-29','0000-00-00'),(112,'Image','Ega Olivia','thumb_20150929063003gallery.jpg','20150929063003gallery.jpg','',1,'2015-09-29','0000-00-00'),(113,'Image','Food and Fashion','thumb_20150929063028gallery.jpg','20150929063028gallery.jpg','',1,'2015-09-29','0000-00-00'),(114,'Image','Iis Dahlia','thumb_20150929063214gallery.jpg','20150929063214gallery.jpg','',1,'2015-09-29','0000-00-00'),(115,'Image','Irfan Hakim','thumb_20150929063318gallery.jpg','20150929063318gallery.jpg','',1,'2015-09-29','0000-00-00'),(116,'Image','Irwan','thumb_20150929063346gallery.jpg','20150929063346gallery.jpg','',1,'2015-09-29','0000-00-00'),(117,'Image','Ivan Gunawan','thumb_20150929063409gallery.jpg','20150929063409gallery.jpg','',1,'2015-09-29','0000-00-00'),(118,'Image','Iwan Haroun','thumb_20150929063438gallery.jpg','20150929063438gallery.jpg','',1,'2015-09-29','0000-00-00'),(120,'Image','Adjie Notonegoro','thumb_20150929063544gallery.jpg','20150929063544gallery.jpg','',1,'2015-09-29','0000-00-00'),(121,'Image','Jenita Janet','thumb_20150929063945gallery.jpg','20150929063945gallery.jpg','',1,'2015-09-29','0000-00-00'),(122,'Image','Zaskia Gotik','thumb_20150929064006gallery.jpg','20150929064006gallery.jpg','',1,'2015-09-29','0000-00-00'),(123,'Image','Tex Saverio','thumb_20150929064026gallery.jpg','20150929064026gallery.jpg','',1,'2015-09-29','0000-00-00'),(124,'Image','Susan Sameeh','thumb_20150929064043gallery.jpg','20150929064043gallery.jpg','',1,'2015-09-29','0000-00-00'),(125,'Image','Pamela Duo Serigala','thumb_20150929064128gallery.jpg','20150929064128gallery.jpg','',1,'2015-09-29','0000-00-00'),(126,'Video','Zaskia Gotik','20150929064612galleryvideo.png','','https://youtu.be/opr4PSeLIEU',3,'2015-09-29','0000-00-00'),(127,'Video','Dr. Sisca','20150929064712galleryvideo.png','','https://youtu.be/gQ_XRSUHFSs',3,'2015-09-29','0000-00-00'),(128,'Image','Rina Nose','thumb_20160919043905gallery.png','20160919043905gallery.png','',1,'2015-09-29','2016-09-19'),(129,'Image','Yaswildblood','thumb_20160919043929gallery.png','20160919043929gallery.png','',1,'2015-10-07','2016-09-19'),(130,'Video','Yasmine Wildblood','20151008062154galleryvideo.jpg','','https://www.youtube.com/watch?v=pJZaMlPkbbg',3,'2015-10-08','0000-00-00'),(132,'Video','Profil Dermaster Surabaya','20151013005335galleryvideo.jpg','','https://www.youtube.com/watch?v=Y_7lIQahozw',3,'2015-10-13','0000-00-00'),(133,'Video','Roro Fitria','20151116041917galleryvideo.jpg','','https://www.youtube.com/watch?v=VL4a0Oyqv8k',3,'2015-11-16','0000-00-00'),(134,'Image','Family Guide','thumb_20160121054800gallery.jpg','20160121054800gallery.jpg','',2,'2016-01-21','0000-00-00'),(135,'Video','INSERT PAGI 27 JANUARI 2016 - Perawatan Muka Bersama Sammy Dan Viviane','20160209061749galleryvideo.jpg','','https://www.youtube.com/watch?v=uu1RsoOUn00',3,'2016-02-09','0000-00-00'),(136,'Video','SELEBRITA PAGI - Ivan Gunawan Perawatan Wajah ala Drakula','20160209062139galleryvideo.jpg','','https://www.youtube.com/watch?v=fg8oczEgNqs',3,'2016-02-09','0000-00-00'),(137,'Video','CELEBRITY ON THE LINE WTIH IVAN GUNAWAN YANG TERPILIH SEBAGAI WAJAH BARU DERMASTER DAN IGUN THREAD','20160210052350galleryvideo.jpg','','https://www.youtube.com/watch?v=06_C3MXCQqs',3,'2016-02-10','0000-00-00'),(138,'Video','CELEBRITY ON THE LINE WITH IVAN GUNAWAN SOAL TREATMENT YANG BIASA DIJALANI DI DERMASTER','20160210053156galleryvideo.jpg','','https://www.youtube.com/watch?v=bGgVpMlD2YE',3,'2016-02-10','0000-00-00'),(139,'Video','CELEBRITY ON THE LINE WITH IVAN GUNAWAN SOAL TREATMENT YANG BIASA DIJALANI DI DERMASTER','20160210053613galleryvideo.jpg','','https://www.youtube.com/watch?v=bGgVpMlD2YE',3,'2016-02-10','0000-00-00'),(140,'Video','Dj Yasmin','20160311055148galleryvideo.png','','https://www.youtube.com/watch?v=PtfpFeydce8',3,'2016-03-11','0000-00-00'),(141,'Video','Dj Yasmin','20160311055233galleryvideo.png','','https://www.youtube.com/watch?v=PtfpFeydce8',6,'2016-03-11','0000-00-00'),(142,'Video','Selvi Kitty','20160311060824galleryvideo.png','','https://www.youtube.com/watch?v=bXugaXm8w3U',3,'2016-03-11','0000-00-00'),(143,'Video','Silvi Kitty','20160311061025galleryvideo.png','','https://www.youtube.com/watch?v=bXugaXm8w3U',6,'2016-03-11','0000-00-00'),(144,'Video','Tarra Budiman','20160311061715galleryvideo.png','','https://www.youtube.com/watch?v=VzYMpcI-G4A',3,'2016-03-11','0000-00-00'),(145,'Video','Tarra Budiman','20160311062044galleryvideo.png','','https://www.youtube.com/watch?v=VzYMpcI-G4A',6,'2016-03-11','0000-00-00'),(146,'Video','Video Parodi Lebaran Dermaster Clinic & Crystal Clinic','20160714052023galleryvideo.jpg','','https://www.youtube.com/watch?v=0lGpLFjt08c',3,'2016-07-14','0000-00-00'),(147,'Image','eddies','thumb_20160919004551gallery.png','20160919004551gallery.png','',1,'2016-09-19','2016-09-19'),(148,'Image','pam pam','thumb_20160919005050gallery.png','20160919005050gallery.png','',1,'2016-09-19','0000-00-00'),(149,'Image','Tyas Mirasih','thumb_20160919005110gallery.png','20160919005110gallery.png','',1,'2016-09-19','0000-00-00'),(150,'Image','Sara wijayanto','thumb_20160919005150gallery.png','20160919005150gallery.png','',1,'2016-09-19','0000-00-00'),(151,'Image','Tara Budiman','thumb_20160919005211gallery.png','20160919005211gallery.png','',1,'2016-09-19','0000-00-00'),(152,'Image','Ricky Perdana','thumb_20160919005252gallery.png','20160919005252gallery.png','',1,'2016-09-19','0000-00-00'),(153,'Image','Masayu Anastasia','thumb_20160919005312gallery.png','20160919005312gallery.png','',1,'2016-09-19','0000-00-00'),(154,'Image','Nikita MIrzani','thumb_20160919005445gallery.png','20160919005445gallery.png','',1,'2016-09-19','0000-00-00'),(155,'Image','Irwan (Dangdut Academy)','thumb_20160919005524gallery.png','20160919005524gallery.png','',1,'2016-09-19','0000-00-00'),(156,'Image','Irma Dharmawangsa dan Five V','thumb_20160919005551gallery.png','20160919005551gallery.png','',1,'2016-09-19','0000-00-00'),(157,'Image','Indra Bekti','thumb_20160919005702gallery.png','20160919005702gallery.png','',1,'2016-09-19','0000-00-00'),(158,'Image','igun ambasador','thumb_20160919023716gallery.png','20160919023716gallery.png','',2,'2016-09-19','0000-00-00'),(159,'Image','igun thread','thumb_20160919023743gallery.png','20160919023743gallery.png','',2,'2016-09-19','0000-00-00'),(160,'Image','dermaster makassar','thumb_20160919023800gallery.png','20160919023800gallery.png','',2,'2016-09-19','0000-00-00'),(161,'Image','Indah dewi pertiwi','thumb_20160919043254gallery.png','20160919043254gallery.png','',1,'2016-09-19','0000-00-00'),(162,'Image','bang billy','thumb_20160919043313gallery.png','20160919043313gallery.png','',1,'2016-09-19','0000-00-00'),(163,'Image','jesica iskandar','thumb_20160919043349gallery.png','20160919043349gallery.png','',1,'2016-09-19','0000-00-00'),(164,'Image','Ivan gunawan','thumb_20160919043526gallery.png','20160919043526gallery.png','',1,'2016-09-19','0000-00-00'),(165,'Video','Kristina jalani perawatan di Dermaster Clinic','20161017225429galleryvideo.png','','https://www.youtube.com/watch?v=At8OzviDhOw',3,'2016-10-17','0000-00-00'),(166,'Video','Chacha Frederica jalani Perawatan di Dermaster Clinic','20161103010047galleryvideo.png','','https://www.youtube.com/watch?v=ZIvriomrykM&feature=youtu.be',3,'2016-11-03','0000-00-00'),(167,'Video','Masayu Anastasia perawatan kembali di Dermaster Clinic Indonesia','20161103010627galleryvideo.png','','https://youtu.be/mc52-PLOIoY',3,'2016-11-03','0000-00-00'),(168,'Video','Ratu Meta sedang perawtan di Dermaster Clinic Indonesia','20161103011007galleryvideo.png','','https://youtu.be/G918t2GtArA',3,'2016-11-03','0000-00-00'),(169,'Video','Sarwendah Jalani perawatan favoritnya','20161103011315galleryvideo.png','','https://www.youtube.com/watch?v=1YOxlZQJw2g&feature=youtu.be',3,'2016-11-03','0000-00-00'),(170,'Video','massayu jalani perawatan di dermaster clinic indonesia','20161219033902galleryvideo.png','','https://www.youtube.com/watch?v=WvmU21FLaxA&t=50s',3,'2016-12-19','0000-00-00'),(171,'Video','Demian dan Sara Wijayanto melakukan perawatan','20170117001528galleryvideo.png','','Sara Wijayanto Filler Hidung, Demian Merasa Punya Istri Baru',3,'2017-01-17','0000-00-00'),(172,'Video','Reza Pahlevi dan Ika Perawatan bersama','20170120025324galleryvideo.png','','https://www.youtube.com/watch?v=ENr-1Z96rzk',3,'2017-01-20','0000-00-00'),(173,'Video','Oil to Foam Product','20170124040322galleryvideo.png','','https://www.youtube.com/watch?v=Gy9qX-TYlL4',3,'2017-01-24','0000-00-00'),(174,'Video','BB Cushion Product','20170124040511galleryvideo.png','','https://www.youtube.com/watch?v=DXRBR5w-aGE',3,'2017-01-24','0000-00-00'),(175,'Video','Cara Mengatasi Ketiak Hitam','20170130000800galleryvideo.png','','https://www.youtube.com/watch?v=U5dDYKRPa_g',3,'2017-01-30','0000-00-00'),(176,'Video','Cara Memencet Jerawat Yang Benar','20170130001142galleryvideo.png','','https://www.youtube.com/watch?v=mohIhefMiWo&t=4s',3,'2017-01-30','0000-00-00'),(177,'Image','Home Living','thumb_20170130004849gallery.png','20170130004849gallery.png','',2,'2017-01-30','0000-00-00'),(178,'Image','Detik','thumb_20170130004901gallery.png','20170130004901gallery.png','',2,'2017-01-30','0000-00-00'),(179,'Image','Duo srigala','thumb_20170130041609gallery.jpg','20170130041609gallery.jpg','',1,'2017-01-30','0000-00-00'),(180,'Image','Sarwendah','thumb_20170130041651gallery.jpg','20170130041651gallery.jpg','',1,'2017-01-30','0000-00-00'),(181,'Image','Momo','thumb_20170130041723gallery.jpg','20170130041723gallery.jpg','',1,'2017-01-30','0000-00-00'),(182,'Image','Ratu Meta','thumb_20170130041743gallery.jpg','20170130041743gallery.jpg','',1,'2017-01-30','0000-00-00'),(183,'Image','Sammy Simorangkir dan Pasangan','thumb_20170130041809gallery.jpg','20170130041809gallery.jpg','',1,'2017-01-30','0000-00-00'),(184,'Image','Mieke Amalia','thumb_20170130041902gallery.jpg','20170130041902gallery.jpg','',1,'2017-01-30','0000-00-00'),(185,'Image','Sara Wijayanto','thumb_20170130041953gallery.jpg','20170130041953gallery.jpg','',1,'2017-01-30','0000-00-00'),(186,'Image','Massayu Anastasia','thumb_20170130042523gallery.jpg','20170130042523gallery.jpg','',1,'2017-01-30','0000-00-00'),(187,'Image','Jenita Janet','thumb_20170131012101gallery.jpg','20170131012101gallery.jpg','',1,'2017-01-31','0000-00-00'),(188,'Image','UUT Permata Sari','thumb_20170131012249gallery.jpg','20170131012249gallery.jpg','',1,'2017-01-31','0000-00-00'),(189,'Video','Tips mendapatkan wajah V-Shape','20170219220625galleryvideo.png','','https://www.youtube.com/watch?v=M6wGk4FGGp0&t=70s',3,'2017-02-19','0000-00-00'),(190,'Video','Rahasia Perawatan Ivan Gunawan bersama Dermaster Clinic Indonesia','20170219221223galleryvideo.png','','https://www.youtube.com/watch?v=429AoSW-QSo',3,'2017-02-19','0000-00-00'),(191,'Video','EXCLUSIVE INTERVIEW CHERLY JUNO EX CHERRYBELLE TREATMENT DI DERMASTER MENJELANG NIKAH?','20170219222148galleryvideo.png','','https://www.youtube.com/watch?v=pgMWzzfdt6E&feature=youtu.be',3,'2017-02-19','0000-00-00'),(192,'Video','Dibalik kinclongnya Cherly Juno di Dermaster PIK','20170219222236galleryvideo.png','','https://www.youtube.com/watch?v=2CDO4U6Rwyw&feature=youtu.be',3,'2017-02-19','0000-00-00'),(193,'Video','Jerawat di berbagai bagian tubuh dan penyebabnya','20170223010309galleryvideo.png','','https://www.youtube.com/watch?v=L8usO18WCWg',3,'2017-02-23','0000-00-00'),(194,'Video','Cara Membersihkan Wajah Dengan Tepat Dan Benar Agar tidak Timbul Jerawat dan Flek HItam','20170313230956galleryvideo.png','','https://www.youtube.com/watch?v=jj20Yp8hSnE',3,'2017-03-13','0000-00-00'),(195,'Image','Launching Face of Dermaster Indonesia 2017','thumb_20170313231258gallery.jpg','20170313231258gallery.jpg','',1,'2017-03-13','0000-00-00'),(196,'Video','Lipatan Mata Ala KOREA','20170330014603galleryvideo.png','','https://www.youtube.com/watch?v=1VnrdGOmhqg&t=137s',3,'2017-03-30','0000-00-00'),(197,'Video','Permasalahan Kantung Mata','20170428020021galleryvideo.png','','https://www.youtube.com/watch?v=7Amr_TyzjT0',3,'2017-04-28','0000-00-00'),(198,'Video','Jus Hijau untuk kecantikan','20170428020117galleryvideo.png','','https://www.youtube.com/watch?v=FmtALNZhd4k',3,'2017-04-28','0000-00-00'),(199,'Video','10 Penyebab Penuaan Kulit Sebelum Waktunya','20170614171236galleryvideo.png','','https://www.youtube.com/watch?v=3cR0mIdKlFI',3,'2017-06-14','0000-00-00'),(200,'Video','10 TIPS TAMPIL LEBIH MUDA','20170614171435galleryvideo.png','','https://www.youtube.com/watch?v=86h_UEux4zE',3,'2017-06-14','0000-00-00'),(201,'Video','PROSES PENUAAN BERDASARKAN USIA','20170614171647galleryvideo.png','','https://www.youtube.com/watch?v=j-Q6gSxb3iM',3,'2017-06-14','0000-00-00'),(202,'Video','HIDUNG MANCUNG TANPA OPERASI','20170614171917galleryvideo.png','','https://www.youtube.com/watch?v=uQpEXsWguYU&t=4s',3,'2017-06-14','0000-00-00'),(203,'Video','CEK KLINIK SEBELAH','20170614172110galleryvideo.png','','https://www.youtube.com/watch?v=HPfCurOBNnU',3,'2017-06-14','0000-00-00'),(204,'Image','MAGDALENA','thumb_20170614181258gallery.png','20170614181258gallery.png','',1,'2017-06-14','0000-00-00'),(205,'Image','WIKA SALIM','thumb_20170614181340gallery.png','20170614181340gallery.png','',1,'2017-06-14','0000-00-00'),(206,'Image','ALVIN ADAM, DEA MIRELA, KALINA','thumb_20170614181414gallery.png','20170614181414gallery.png','',1,'2017-06-14','0000-00-00'),(207,'Image','ATY KODONG','thumb_20170614181437gallery.png','20170614181437gallery.png','',1,'2017-06-14','0000-00-00'),(208,'Image','ASTARI','thumb_20170614181511gallery.png','20170614181511gallery.png','',1,'2017-06-14','0000-00-00'),(209,'Image','STEFI EX CHIBI','thumb_20170614181533gallery.png','20170614181533gallery.png','',1,'2017-06-14','0000-00-00'),(210,'Image','SELVY KITTY','thumb_20170614181553gallery.png','20170614181553gallery.png','',1,'2017-06-14','0000-00-00'),(211,'Image','DEVAY & DICKY SMASH','thumb_20170614181621gallery.png','20170614181621gallery.png','',1,'2017-06-14','0000-00-00'),(212,'Image','ARIE DWI ANDHIKA','thumb_20170614181646gallery.png','20170614181646gallery.png','',1,'2017-06-14','0000-00-00'),(213,'Image','JESSICA ISKANDAR','thumb_20170614181712gallery.png','20170614181712gallery.png','',1,'2017-06-14','0000-00-00'),(214,'Image','MELANNEY RICARDO & TYSON','thumb_20170614181743gallery.png','20170614181743gallery.png','',1,'2017-06-14','0000-00-00'),(215,'Image','KRISTINA','thumb_20170614181808gallery.png','20170614181808gallery.png','',1,'2017-06-14','0000-00-00'),(216,'Image','NOVA ELIZA','thumb_20170614181827gallery.png','20170614181827gallery.png','',1,'2017-06-14','0000-00-00'),(217,'Image','KELUARGA BAHAR','thumb_20170614181849gallery.png','20170614181849gallery.png','',1,'2017-06-14','0000-00-00'),(218,'Image','SHELOMITA','thumb_20170614181911gallery.png','20170614181911gallery.png','',1,'2017-06-14','0000-00-00'),(219,'Image','TARA BUDIMAN','thumb_20170614181927gallery.png','20170614181927gallery.png','',1,'2017-06-14','0000-00-00'),(220,'Image','Tika T2','thumb_20170614182020gallery.png','20170614182020gallery.png','',1,'2017-06-14','0000-00-00'),(221,'Image','PENYOGA STAR','thumb_20170614182038gallery.png','20170614182038gallery.png','',1,'2017-06-14','2017-06-14'),(222,'Image','BUNGA JELITHA PUTERI INDONESIA 2017','thumb_20170614182128gallery.png','20170614182128gallery.png','',1,'2017-06-14','0000-00-00'),(223,'Image','LEO CONSUL & BIANCA LIZA','thumb_20170614182151gallery.png','20170614182151gallery.png','',1,'2017-06-14','0000-00-00'),(224,'Image','ERIC ISKANDAR','thumb_20170614182212gallery.png','20170614182212gallery.png','',1,'2017-06-14','0000-00-00'),(225,'Image','SARWENDAH','thumb_20170614182228gallery.png','20170614182228gallery.png','',1,'2017-06-14','0000-00-00'),(226,'Image','OKIE AGUSTINA','thumb_20170614182243gallery.png','20170614182243gallery.png','',1,'2017-06-14','0000-00-00'),(227,'Image','ADIESTY FERSA','thumb_20170614182338gallery.png','20170614182338gallery.png','',1,'2017-06-14','0000-00-00'),(228,'Image','IKKE NURJANAH','thumb_20170614182356gallery.png','20170614182356gallery.png','',1,'2017-06-14','0000-00-00'),(229,'Image','EVIE MASAMBA','thumb_20170614182413gallery.png','20170614182413gallery.png','',1,'2017-06-14','0000-00-00'),(230,'Image','UUT PERMATASARI','thumb_20170614182429gallery.png','20170614182429gallery.png','',1,'2017-06-14','0000-00-00'),(231,'Image','KARINA NADILLA 2ND RUNNER UP PUTERI INDONESIA 2017','thumb_20170614182749gallery.png','20170614182749gallery.png','',1,'2017-06-14','0000-00-00'),(232,'Image','PAO PAO','thumb_20170614182814gallery.png','20170614182814gallery.png','',1,'2017-06-14','0000-00-00'),(233,'Image','PAO PAO 2','thumb_20170614182836gallery.png','20170614182836gallery.png','',1,'2017-06-14','0000-00-00'),(234,'Image','MELLY ZAMRI','thumb_20170614182901gallery.png','20170614182901gallery.png','',1,'2017-06-14','0000-00-00'),(235,'Image','KEVIN LILIANA 1ST RUNNER UP PUTERI INDONESIA 2017','thumb_20170614182929gallery.png','20170614182929gallery.png','',1,'2017-06-14','0000-00-00'),(236,'Image','LUCKY OKTAVIAN','thumb_20170614182950gallery.png','20170614182950gallery.png','',1,'2017-06-14','0000-00-00'),(237,'Image','RIZKY RIDHO','thumb_20170614183007gallery.png','20170614183007gallery.png','',1,'2017-06-14','0000-00-00'),(238,'Image','AMING','thumb_20170614183026gallery.png','20170614183026gallery.png','',1,'2017-06-14','0000-00-00'),(239,'Image','SARA WIJAYANTO & DAMIAN','thumb_20170614183056gallery.png','20170614183056gallery.png','',1,'2017-06-14','0000-00-00'),(240,'Image','GWEN','thumb_20170614183112gallery.png','20170614183112gallery.png','',1,'2017-06-14','0000-00-00'),(241,'Image','DEA RIZKITA 3TH RUNNER UP PUTERI INDONESIA 2017','thumb_20170614183148gallery.png','20170614183148gallery.png','',1,'2017-06-14','0000-00-00'),(242,'Image','ADDIN','thumb_20170614183201gallery.png','20170614183201gallery.png','',1,'2017-06-14','0000-00-00'),(243,'Image','EGA OLIVIA','thumb_20170614183215gallery.png','20170614183215gallery.png','',1,'2017-06-14','0000-00-00'),(244,'Image','VIRNIE ISMAIL','thumb_20170614183232gallery.png','20170614183232gallery.png','',1,'2017-06-14','0000-00-00'),(245,'Image','GISEL','thumb_20170614183248gallery.png','20170614183248gallery.png','',1,'2017-06-14','0000-00-00'),(246,'Image','IVAN SEVENTEEN','thumb_20170614183313gallery.png','20170614183313gallery.png','',1,'2017-06-14','0000-00-00'),(247,'Image','JENITA JANET 2','thumb_20170614183328gallery.png','20170614183328gallery.png','',1,'2017-06-14','0000-00-00'),(248,'Image','DAVE HENDRIK','thumb_20170614183346gallery.png','20170614183346gallery.png','',1,'2017-06-14','0000-00-00'),(249,'Image','DEWI REZER','thumb_20170614183410gallery.png','20170614183410gallery.png','',1,'2017-06-14','0000-00-00'),(250,'Image','RICKY PERDANA','thumb_20170614183428gallery.png','20170614183428gallery.png','',1,'2017-06-14','0000-00-00'),(251,'Image','BOYEN','thumb_20170614183451gallery.png','20170614183451gallery.png','',1,'2017-06-14','0000-00-00'),(252,'Image','TITI DJ','thumb_20170614183508gallery.png','20170614183508gallery.png','',1,'2017-06-14','0000-00-00'),(253,'Image','GISELLA ANASTASIA','thumb_20170614183537gallery.png','20170614183537gallery.png','',1,'2017-06-14','0000-00-00'),(254,'Video','5 Gaya Hijab di Bulan Ramadhan','20170704021306galleryvideo.jpg','','https://youtu.be/VQcK3RWFLY4',3,'2017-07-04','0000-00-00'),(255,'Video','KEBERSAMAAN DALAM KEBERAGAMAN DI BULAN RAMADHAN FEAT IVAN GUNAWAN','20170704021632galleryvideo.jpg','','https://youtu.be/spXST6veNsw',3,'2017-07-04','0000-00-00');
/*!40000 ALTER TABLE `dm_gallery` ENABLE KEYS */;
UNLOCK TABLES;

--
-- Table structure for table `dm_gallery_category`
--

DROP TABLE IF EXISTS `dm_gallery_category`;
/*!40101 SET @saved_cs_client     = @@character_set_client */;
/*!40101 SET character_set_client = utf8 */;
CREATE TABLE `dm_gallery_category` (
  `dm_gallery_category_id` int(11) NOT NULL AUTO_INCREMENT,
  `dm_gallery_category_name` varchar(100) NOT NULL,
  `dm_languages_id` int(11) NOT NULL,
  `idparent` int(11) NOT NULL,
  `dm_created_date` date NOT NULL,
  `dm_updated_date` date NOT NULL,
  PRIMARY KEY (`dm_gallery_category_id`)
) ENGINE=InnoDB AUTO_INCREMENT=7 DEFAULT CHARSET=latin1;
/*!40101 SET character_set_client = @saved_cs_client */;

--
-- Dumping data for table `dm_gallery_category`
--

LOCK TABLES `dm_gallery_category` WRITE;
/*!40000 ALTER TABLE `dm_gallery_category` DISABLE KEYS */;
INSERT INTO `dm_gallery_category` VALUES (1,'VIP Guest',1,0,'2014-11-11','0000-00-00'),(2,'Advetorial',1,0,'2014-11-11','0000-00-00'),(3,'Coverage',1,0,'2014-11-11','2015-03-18'),(4,'Tamu VIP',2,1,'2014-11-11','0000-00-00'),(5,'Iklan',2,2,'2014-11-11','0000-00-00'),(6,'Areal Cakupan',2,3,'2014-11-11','0000-00-00');
/*!40000 ALTER TABLE `dm_gallery_category` ENABLE KEYS */;
UNLOCK TABLES;

--
-- Table structure for table `dm_homepage`
--

DROP TABLE IF EXISTS `dm_homepage`;
/*!40101 SET @saved_cs_client     = @@character_set_client */;
/*!40101 SET character_set_client = utf8 */;
CREATE TABLE `dm_homepage` (
  `dm_homepage_id` int(11) NOT NULL AUTO_INCREMENT,
  `dm_homepage_title` varchar(100) NOT NULL,
  `dm_homepage_image` text NOT NULL,
  `dm_homepage_link_url` text NOT NULL,
  `dm_homepage_status` int(1) NOT NULL,
  `dm_homepage_published_date` date NOT NULL,
  `dm_languages_id` int(11) NOT NULL,
  `idparent` int(11) NOT NULL,
  `dm_created_date` date NOT NULL,
  `dm_updated_date` date NOT NULL,
  PRIMARY KEY (`dm_homepage_id`)
) ENGINE=InnoDB AUTO_INCREMENT=29 DEFAULT CHARSET=latin1;
/*!40101 SET character_set_client = @saved_cs_client */;

--
-- Dumping data for table `dm_homepage`
--

LOCK TABLES `dm_homepage` WRITE;
/*!40000 ALTER TABLE `dm_homepage` DISABLE KEYS */;
INSERT INTO `dm_homepage` VALUES (16,'Apps Dermaster','20170124034744homepageimg.jpg','http://dermaster-indonesia.com/products/index/en/',1,'2016-04-28',1,0,'2015-12-17','2017-01-24'),(17,'Kuis Youtube','20170124034853homepageimg.jpg','http://dermaster-indonesia.com/services/index/en/1',0,'2016-04-28',1,0,'2015-12-17','2017-02-08'),(18,'franchise','20160428054156homepageimg.jpg','http://dermaster-indonesia.com/contact/index/en',1,'2016-04-28',2,0,'2015-12-17','2017-02-20'),(19,'Bedah Plastik','20160914041336homepageimg.jpg','http://dermaster-indonesia.com/services/index/en/1',0,'2016-04-28',1,0,'2016-02-25','2017-01-24'),(20,'Putto','20160428054242homepageimg.jpg','http://dermaster-indonesia.com/products/detail/en/3',0,'2016-04-28',1,0,'2016-02-25','2017-01-25'),(21,'Testimoni Artis','20170707042317homepageimg.jpg','http://dermaster-indonesia.com/gallery/index/en',1,'2016-04-28',1,0,'2016-02-25','2017-07-07'),(22,'BB CUSHION','20170123052137homepageimg.jpg','http://dermaster-indonesia.com/products/index/en/',1,'2017-01-23',1,0,'2017-01-23','0000-00-00'),(23,'OIL TO FOAM','20170123052230homepageimg.jpg','http://dermaster-indonesia.com/products/index/en/',1,'2017-01-23',1,0,'2017-01-23','0000-00-00'),(24,'ACNE SERIES','20170123052253homepageimg.jpg','http://dermaster-indonesia.com/products/index/en/',1,'2017-01-23',1,0,'2017-01-23','0000-00-00'),(25,'Plasma Laser','20170130045312homepageimg.jpg','http://dermaster-indonesia.com/services/index/en/1',1,'2017-01-26',1,0,'2017-01-26','2017-01-30'),(28,'Promo Juli - Agustus 2017','20170630125909homepageimg.jpg','http://dermaster-indonesia.com/admin/services/index/1',1,'2017-07-01',1,0,'2017-06-30','2017-07-02');
/*!40000 ALTER TABLE `dm_homepage` ENABLE KEYS */;
UNLOCK TABLES;

--
-- Table structure for table `dm_languages`
--

DROP TABLE IF EXISTS `dm_languages`;
/*!40101 SET @saved_cs_client     = @@character_set_client */;
/*!40101 SET character_set_client = utf8 */;
CREATE TABLE `dm_languages` (
  `dm_languages_id` int(11) NOT NULL AUTO_INCREMENT,
  `dm_languages_name` varchar(100) NOT NULL,
  `dm_languages_code` varchar(5) NOT NULL,
  `dm_languages_status` varchar(7) NOT NULL,
  PRIMARY KEY (`dm_languages_id`)
) ENGINE=InnoDB AUTO_INCREMENT=3 DEFAULT CHARSET=latin1;
/*!40101 SET character_set_client = @saved_cs_client */;

--
-- Dumping data for table `dm_languages`
--

LOCK TABLES `dm_languages` WRITE;
/*!40000 ALTER TABLE `dm_languages` DISABLE KEYS */;
INSERT INTO `dm_languages` VALUES (1,'EN','en','default'),(2,'IND','id','');
/*!40000 ALTER TABLE `dm_languages` ENABLE KEYS */;
UNLOCK TABLES;

--
-- Table structure for table `dm_link`
--

DROP TABLE IF EXISTS `dm_link`;
/*!40101 SET @saved_cs_client     = @@character_set_client */;
/*!40101 SET character_set_client = utf8 */;
CREATE TABLE `dm_link` (
  `dm_link_id` int(11) NOT NULL AUTO_INCREMENT,
  `dm_link_name` varchar(100) NOT NULL,
  `dm_link_content` text NOT NULL,
  PRIMARY KEY (`dm_link_id`)
) ENGINE=InnoDB AUTO_INCREMENT=9 DEFAULT CHARSET=latin1;
/*!40101 SET character_set_client = @saved_cs_client */;

--
-- Dumping data for table `dm_link`
--

LOCK TABLES `dm_link` WRITE;
/*!40000 ALTER TABLE `dm_link` DISABLE KEYS */;
INSERT INTO `dm_link` VALUES (1,'callus','021 3192 6857'),(2,'fb','http://facebook.com/dermaster.indonesia'),(3,'twitter','https://twitter.com/dermaster_id'),(4,'instagram','http://instagram.com/dermaster_id'),(5,'infocontact',''),(6,'infoemail','info@dermaster-indonesia.com'),(7,'franchisecontact',''),(8,'franchiseemail','');
/*!40000 ALTER TABLE `dm_link` ENABLE KEYS */;
UNLOCK TABLES;

--
-- Table structure for table `dm_misccontent`
--

DROP TABLE IF EXISTS `dm_misccontent`;
/*!40101 SET @saved_cs_client     = @@character_set_client */;
/*!40101 SET character_set_client = utf8 */;
CREATE TABLE `dm_misccontent` (
  `dm_misccontent_id` int(11) NOT NULL AUTO_INCREMENT,
  `dm_misccontent_name` varchar(100) NOT NULL,
  `dm_misccontent_content` text NOT NULL,
  `dm_languages_id` int(11) NOT NULL,
  PRIMARY KEY (`dm_misccontent_id`)
) ENGINE=InnoDB AUTO_INCREMENT=4 DEFAULT CHARSET=latin1;
/*!40101 SET character_set_client = @saved_cs_client */;

--
-- Dumping data for table `dm_misccontent`
--

LOCK TABLES `dm_misccontent` WRITE;
/*!40000 ALTER TABLE `dm_misccontent` DISABLE KEYS */;
INSERT INTO `dm_misccontent` VALUES (1,'slogan','NO. 1 KOREAN BEAUTY CLINIC IN ASIA',1),(2,'footertext','Dermaster Worldwide Network: Korea | Hong Kong | Philippines | Vietnam | Taiwan | USA | Singapore | Malaysia | Indonesia | Beijing | Xian | Kuwait',1),(3,'footerappointment','Mon-Fri 9am - 8pm | Saturday: 9am - 8pm. For additional time please make an appointment.',1);
/*!40000 ALTER TABLE `dm_misccontent` ENABLE KEYS */;
UNLOCK TABLES;

--
-- Table structure for table `dm_product`
--

DROP TABLE IF EXISTS `dm_product`;
/*!40101 SET @saved_cs_client     = @@character_set_client */;
/*!40101 SET character_set_client = utf8 */;
CREATE TABLE `dm_product` (
  `dm_product_id` int(11) NOT NULL AUTO_INCREMENT,
  `dm_product_name` varchar(100) NOT NULL,
  `dm_product_description` text NOT NULL,
  `dm_product_image` text NOT NULL,
  `dm_languages_id` int(11) NOT NULL,
  `idparent` int(11) NOT NULL,
  `dm_created_date` date NOT NULL,
  `dm_updated_date` date NOT NULL,
  PRIMARY KEY (`dm_product_id`)
) ENGINE=MyISAM AUTO_INCREMENT=9 DEFAULT CHARSET=latin1;
/*!40101 SET character_set_client = @saved_cs_client */;

--
-- Dumping data for table `dm_product`
--

LOCK TABLES `dm_product` WRITE;
/*!40000 ALTER TABLE `dm_product` DISABLE KEYS */;
INSERT INTO `dm_product` VALUES (1,'Dermaster Anti Acne Series','<p>&nbsp;</p>\n<p>Acne atau yang dikenal sebagai jerawat terjadi akibat adanya penyumbatan dan peradangan pada kulit. Biasanya terjadi pada area kulit dengan banyak kelenjar minyak seperti wajah, leher, punggung dada ataupun lengan atas. Masyarakat kebanyakan mengganggap bahwa jerawat selalu muncul karena kulit yang kotor, namun demikian sebenarnya banyak faktor lain yang mempengaruhi seperti &nbsp;hormon,genetik (kulit berminyak), kosmetik, perubahan iklim, pola makan yang salah, stres, infeksi kuman dan sebagainya. Bentuk jerawat pun beraneka ragam antara lain komedo, papul, pustul, nodul, dan kista. Tentu saja setiap tipe jerawat berbeda penanganannya.</p>\n<p>Beberapa tips yang dapat dilakukan di rumah antara lainmembersihkan kulit wajah secara teratur dengan pembersih dan toner yang cocok untuk kulit wajah anda, meggunakan krim anti jerawat yang dianjurkan dokter , jangan menyentuh jerawat atau memecahkan jerawat sendiri , hindari pemakaian bedak atau kosmetik yang terlalu tebal ,melalukan perawatan anti jerawat di klinik jika diperlukan.</p>\n<p><em>Dermaster Anti Acne Series</em> merupakan salah satu terapi kami untuk menangani kasus jerawat, bekerja aktif dengan mengontrol pengeluaran sebum atau minyak pada kulit, meringankan peradangan, menghambat pertumbuhan bakteri, dan mengurangi pertumbuhan berlebih dari sel Keratin pada kulit sehingga pori-pori tidak mudah tersumbat.</p>\n<p>Lama : penyembuhan jerawat memerlukan waktu kurang lebih 3-6 bulan. Diperlukan kerja sama yang baik antara dokter dan pasien untuk hasil maksimal.</p>\n<p>Apabila anda mempunyai keluhan seputar jerawat, berkonsultasilah segera dengan dokter kami agar dapat disarankan program terapi yang tepat.</p>\n<p>&nbsp;</p>\n<p><strong>Dermaster&nbsp; Whitening Series</strong></p>\n<p>Noda hitam di wajah sangat mengganggu penampilan. Ada beberapa jenis noda hitam seperti flek, solar hiperpigmentasi, hiperpigmentasi paska inflamasi, dan melasma. Untuk mengetahui noda hitam jenis manakah yang Anda punya, konsultasikan dengan dokter kami.</p>\n<p>Dermaster whitening series menggunakan 6 komposisi aktif yang mampu menghentikan produksi melanin yang berlebihan dan mengurangi noda hitam yang sudah muncul di kulit secara efisien.</p>\n<p>Cara menangani : -kulit wajah harus selalu terlindungi dari paparan sinar matahari &ndash; menggunakan krim pelindung matahari pada pagi dan siang hari &ndash; menggunakan krim anti hiperpigmentasi yang dianjurkan dokter &ndash; melakukan perawatan anti hiperpigmentasi di klinik jika diperlukan</p>\n<p>Lama : hasil akan segera terlihat dalam waktu 1 bulan dan akan maksimal setelah 3 bulan.</p>\n<p>&nbsp;</p>\n<p><strong>Dermaster Anti Aging Series</strong></p>\n<p>Seiring dengan bertambahnya usia, kulit pun akan mengalami perubahan seperti lebih kusam , lebih kering, timbul banyak kerutan halus dan semakin kendur. Belum lagi timbulnya masalah bercak-bercak gelap pada wajah yang sering disebut flek. Tentu hal ini memerlukan perawatan yang rutin dan sedini mungkin. 3 Cara perawatan kulit yang baik yaitu POLISH atau mengangkat kulit mati, Cleanse atau membersihkan kulit wajah dan Nourish atau memberikan nutrisi pada kulit. Apabila dilakukan dengan baik dan rutin tentu kulit anda akan tetap terjaga baik.</p>\n<p>Dermaster menyediakan berbagai pilihan treatment untuk mengatasi masalah penuaan pada kulit ini. Kulit anda akan terlihat lembab kembali, flek hitam akan berkurang dan tentu saja kulit anda akan kembali bercahaya. Konsultasikan dengan dokter kami, produk perawatan yang cocok untuk kulit anda. Tidak ada kata terlambat untuk merawat kulit anda.</p>\n<p>&nbsp;</p>\n<p><strong>Dermaster Suncare</strong></p>\n<p>Sinar ultraviolet yang terkandung dalam sinar matahari bisa dikatakan sebagai sumber pengrusakan kulit yang paling kuat. &nbsp;Sinar UV&nbsp; akan menyebabkan timbulnya penuaan dini pada kulit, flek hitam, makin banyak kerutan, hingga yang paling parah mencetuskan keganasan pada kulit. Hal paling penting yang dapat dilakukan untuk menanggulangi ini adalah menggunakan tabir surya yang baik pada wajah, leher dan kulit tubuh lain yang terpapar sinar matahari. Gunakan tabir surya secara rutin baik ketika hendak bepergian keluar rumah atau pun apabila anda tidak keluar rumah. Penggunaan tabir surya harus disesuaikan dengan jenis kulit anda dan penggunaannya pun sebaiknya 15 menit sebelum anda terpapar sinar matahari, agar tabir surya dapat terserap dengan baik.</p>\n<p>Dermaster suncare memiliki konsep ANTI UVA/UVB&nbsp; dengan spectrum yang luas, &nbsp;teruji secara klinis dermatologi, dapat digunakan pada segala jenis kulit, mencegah reaksi fotosensitif, bebas parfum dan bedak sehingga aman untuk kulit yang sensitif sekalipun. Apa tipe tabir surya yang baik untuk tipe kulit anda? Segera berkonsultasilah dengan dokter kami.</p>','20170130011204product.png',1,0,'2014-11-12','2017-01-30'),(4,'Skin Care','<p><strong>Acne Cream Package (1-2 Month usage)</strong></p>\n<p>&nbsp;</p>\n<ul>\n<li>Brightening face</li>\n<li>Shrinking pores</li>\n<li>Solving acnes Problem</li>\n<li>Controlling excessive oil in the Face</li>\n<li>Skin rejuvenation and hydration</li>\n</ul>\n<p>&nbsp;</p>\n<p><strong>Ultra&nbsp; V BB</strong></p>\n<ul>\n<li>Safe for all type of skin</li>\n<li>Containing Lightening ingredients of foundation and safe for facial skin</li>\n<li>Disguising plaques / black spot in the face</li>\n<li>Brightening face day to day</li>\n<li>anti wrink</li>\n<li>safe for sensitive type of skin</li>\n</ul>\n<p>&nbsp;</p>\n<p><strong>Ultra V Regen</strong></p>\n<ul>\n<li>Usable for normal skin</li>\n<li>moisturize facial skin</li>\n<li>can be used by men</li>\n<li>Skin lightening</li>\n</ul>\n<p>&nbsp;</p>\n<p><strong>Ultra Sun SPF</strong></p>\n<ul>\n<li>Protecting the skin from the sunlight effect</li>\n<li>UVA / UVB protection</li>\n<li>SPF 50</li>\n</ul>\n<p>&nbsp;</p>\n<p><strong>Nutritional Serum</strong></p>\n<ul>\n<li>Anti Aging</li>\n<li>Contains idebenone (No 1 Skin Lightener)</li>\n<li>Contains Vitamin C and Coenzyme 4 times more than similar nutritional serum product.</li>\n</ul>\n<p>&nbsp;</p>\n<p><strong>Golden Mask</strong></p>\n<ul>\n<li>Moisturize facial skin</li>\n<li>brightening facial skin</li>\n<li>Contains anti aging substances</li>\n<li>Can be used twice a day</li>\n</ul>\n<p><strong>Regeneration Vege Stem</strong></p>\n<ul>\n<li>Creamy form</li>\n<li>Contains steamcell</li>\n<li>Anti Aging</li>\n<li>Contains idebenone (No 1 Skin Lightener)</li>\n<li>Contains Vitamin C and Coenzyme 4 times more than similar nutritional serum product.</li>\n</ul>\n<p>&nbsp;</p>\n<p><strong>Lifting Cream</strong></p>\n<ul>\n<li>Creamy form</li>\n<li>Contains steamcell</li>\n<li>Anti Aging</li>\n<li>Contains idebenone (No 1 Skin Lightener)</li>\n<li>Contains Vitamin C and Coenzyme 4 times more than similar nutritional serum product.</li>\n<li>Brightening face</li>\n<li>Moisturizing skin</li>\n<li>Focusing on skin tightening surrounding facial area</li>\n</ul>\n<p>&nbsp;</p>\n<p><strong>Hyal 100</strong></p>\n<ul>\n<li>The most powerful hydration and moisturizer</li>\n<li>Contains 30 HA (Hyaluronic Acid)</li>\n<li>Anti wrinkle</li>\n<li>Face brightener</li>\n<li>Lightening facial skin</li>\n<li>Can be used in almost all areas (lips, eyes and other area)</li>\n<li>Very suitable for dry skin</li>\n</ul>\n<p>&nbsp;</p>\n<p><strong>Hair Loss</strong></p>\n<ul>\n<li>Made from black bamboo extract very useful and has the benefit of hair nourishing and growing from time to time.</li>\n</ul>','20160120060454product.jpg',2,0,'2016-01-20','0000-00-00'),(5,'Colorscience','<p>Famous and trusted make up product in the world among medical community.The outstanding benefit of this colorscience product is the benefit, soft, creamy and easily&nbsp; and perfectly safe used by those with acne problems. This US made make up is already proven in medical world and has been approved by FDA. It is also the only product recommended by Skin Cancer Foundation. Therefore , safe for Men, Women and Children.</p>\n<p>&nbsp;</p>\n<p>There are 4 series that complete the use of Colorscience make up.</p>\n<p>&nbsp;</p>\n<p><strong>Prime</strong> : This product series treat from the beginning.</p>\n<p>&nbsp;</p>\n<p><strong>Correct</strong> : This product series help to cope with facial skin problems.</p>\n<p>&nbsp;</p>\n<p><strong>Set</strong> : This product series is used to rejuvenate and lightening facial skin.</p>\n<p>&nbsp;</p>\n<p><strong>Protect</strong> : This product aims to protect and keep skin to be healthy and beautiful. This is the most important part in perfecting the results of Colorscience</p>','20160120060755product.jpg',2,0,'2016-01-20','0000-00-00'),(7,'PUTTO Skin Care','<p><strong>PUTTO ANGEL - RECIPE</strong></p>\n<p><strong>TOCTOC BATH</strong></p>\n<p>&nbsp;</p>\n<ul>\n<li>100% natural made of herbs therefore safe.</li>\n<li>No sulfur</li>\n<li>Rejuvenating,refreshing and cleansing skin without eradicating skin oil.</li>\n<li>Helping to recover scar and inflammation</li>\n<li>Can be used from head to toe</li>\n<li>Can be used as ready - to -use bathtub soap</li>\n</ul>\n<p>&nbsp;</p>\n<p><strong>PUTTO ANGEL - RECIPE</strong></p>\n<p><strong>CREAM</strong></p>\n<ul>\n<li>100% natural made of herbs therefore safe.</li>\n<li>Silking and moisturizing the skin with just once usage at night</li>\n<li>Concentrated and suitable to dry and sensitive skin</li>\n<li>Making skin stronger and resistant to irritation that makes reddish ,exim and psoriasis</li>\n<li>Gently absorbed into the skin, moisturizing dry skin without leaving oil residue on the skin</li>\n<li>For best result use before sleeping at night</li>\n</ul>\n<p>&nbsp;</p>\n<p><strong>PUTTO ANGEL - RECIPE</strong></p>\n<p><strong>LOTION</strong></p>\n<ul>\n<li>100% natural made of herbs therefore safe.</li>\n<li>Suitable for type of skin easily irritated by heat, dust , allergic, exim and scar tissue.</li>\n<li>Can be used to dry skin since it contains moisturizer</li>\n<li>Not easily evaporate and highly absorbable</li>\n<li>For best result use directly after taking a bath at the right amount and spread evenly</li>\n</ul>\n<p><strong>PUTTO ANGEL - RECIPE</strong></p>\n<p><strong>SHAMPOO &amp; RINSE</strong></p>\n<ul>\n<li>100% natural made of herbs therefore safe.</li>\n<li>Keep the hair hydrated and clean with natural herb scent</li>\n<li>Gentle for the scalp and do not cause eyes irritation</li>\n<li>Cleaning, smoothening and cooling the hair effectively without removing natural oil and therefore managable.</li>\n</ul>\n<p>&nbsp;</p>\n<p><strong>PUTTO ANGEL - RECIPE</strong></p>\n<p><strong>LIQUID GEL</strong></p>\n<ul>\n<li>100% natural made of herbs therefore safe.</li>\n<li>Very effective against insects bites, irritation, scratch and scar</li>\n<li>Keeping out skin irritation</li>\n<li>Everyday use againts itchy and dry wound</li>\n<li>For outside usage only</li>\n</ul>','20160406212750product.png',2,0,'2016-04-06','0000-00-00'),(8,'Dermaster Cosmetics','<p><strong>Dermaster BB Cushion:</strong></p>\n<p class=\"m_5622545993480376482gmail-MsoListParagraphCxSpFirst\">1.&nbsp;Efek mencerahkan atau memutihkan<br />BB cushion mengandung nutrisi yang membantu kulit terlihat lebih cerah dan berkilau. Tekstur kulit lebih kenyal, perlahan noda atau bintik hitam di kulit wajah pun memudar setelah beberapa kali pemakaian.</p>\n<p class=\"m_5622545993480376482gmail-MsoListParagraphCxSpMiddle\">2.&nbsp;Melindungi dari sinar UV<br />Mengandung SPF (sun protection factor) 50+ dan PA (protection grade) +++ yang cukup melindungi kulit dari paparan sinar matahari, menggantikan fungsi sunblock atau sunscreen.&nbsp;</p>\n<p class=\"m_5622545993480376482gmail-MsoListParagraphCxSpMiddle\">3.&nbsp;Melembapkan&nbsp;&nbsp;<strong> &nbsp;</strong><br />Mengandung pelembap yang kuat, namun mudah menyerap ke dalam kulit. Tidak terasa lengket. Melembapkan tidak hanya di permukaan kulit, tetapi juga menutrisi hingga ke dalam sel kulit.</p>\n<p class=\"m_5622545993480376482gmail-MsoListParagraphCxSpMiddle\">4.&nbsp;Tahan air / keringat<br />Dilengkapi dengan daya tahan terhadap air maupun keringat. Cocok untuk daerah tropis. Keringat tak akan memudarkan riasan Anda.&nbsp;</p>\n<p class=\"m_5622545993480376482gmail-MsoListParagraphCxSpLast\">5. Efek mendinginkan<strong> &nbsp;</strong><br />Kosmetik ini juga memberi efek mendinginkan, juga menyegarkan kulit dari kelelahan akan udara panas. Mengandung 30 sampai 60 persen pelembap dan kandungan mineral yang menyerap cepat ke dalam kulit dan memberi sensasi dingin.&nbsp;</p>\n<p><strong><img src=\"../../../upload/bb_cushion_32.png\" alt=\"\" /></strong></p>\n<p>&nbsp;</p>\n<p>&nbsp;</p>\n<p><strong>Dermaster Oil to Foam:</strong></p>\n<p>&nbsp;</p>\n<p class=\"m_5799812917414367003gmail-m_8455888969393413649gmail-MsoListParagraphCxSpFirst\">1.&nbsp;&nbsp;&nbsp;&nbsp;&nbsp;&nbsp; Jerawat&nbsp; berkurang , karena tidak ada kotoran lagi di wajah</p>\n<p class=\"m_5799812917414367003gmail-m_8455888969393413649gmail-MsoListParagraphCxSpMiddle\">2.&nbsp;&nbsp;&nbsp;&nbsp;&nbsp;&nbsp; Bekas make up akan terangkat total</p>\n<p class=\"m_5799812917414367003gmail-m_8455888969393413649gmail-MsoListParagraphCxSpMiddle\">3.&nbsp;&nbsp;&nbsp;&nbsp;&nbsp;&nbsp; Lembut di kulit Meski dua kali dicuci, bila dilakukan dengan benar, metode ini tidak akan menarik lapisan minyak &nbsp; &nbsp; &nbsp; &nbsp; &nbsp; &nbsp; alami pada kulit wajahmu.</p>\n<p class=\"m_5799812917414367003gmail-m_8455888969393413649gmail-MsoListParagraphCxSpMiddle\">4.&nbsp;&nbsp;&nbsp;&nbsp;&nbsp;&nbsp; Krim wajah terserap dengan baik setelah pakai oil to foam karena semua kotoran sudah tidak ada, semua toner, l &nbsp; &nbsp; &nbsp; &nbsp; &nbsp; otion, serum, emulsion, essence, dan krim yang akan kamu gunakan lebih mudah masuk ke dalam lapisan kulit.</p>\n<p class=\"m_5799812917414367003gmail-m_8455888969393413649gmail-MsoListParagraphCxSpMiddle\">5.&nbsp;&nbsp;&nbsp;&nbsp;&nbsp;&nbsp; Wajah menjadi lembab seperti orang korea</p>\n<p><img src=\"../../../upload/oiltofoam1.png\" alt=\"\" /></p>','20170130012040product.png',1,0,'2017-01-30','2017-01-30');
/*!40000 ALTER TABLE `dm_product` ENABLE KEYS */;
UNLOCK TABLES;

--
-- Table structure for table `dm_productimg`
--

DROP TABLE IF EXISTS `dm_productimg`;
/*!40101 SET @saved_cs_client     = @@character_set_client */;
/*!40101 SET character_set_client = utf8 */;
CREATE TABLE `dm_productimg` (
  `dm_productimg_id` int(11) NOT NULL AUTO_INCREMENT,
  `dm_productimg_thumb` text NOT NULL,
  `dm_productimg_image` text NOT NULL,
  `dm_product_id` int(11) NOT NULL,
  `dm_created_date` date NOT NULL,
  PRIMARY KEY (`dm_productimg_id`)
) ENGINE=MyISAM AUTO_INCREMENT=51 DEFAULT CHARSET=latin1;
/*!40101 SET character_set_client = @saved_cs_client */;

--
-- Dumping data for table `dm_productimg`
--

LOCK TABLES `dm_productimg` WRITE;
/*!40000 ALTER TABLE `dm_productimg` DISABLE KEYS */;
INSERT INTO `dm_productimg` VALUES (5,'thumb_20141204090144productimg.jpg','20141204090144productimg.jpg',2,'2014-12-04'),(50,'thumb_20151217073930productimg.png','20151217073930productimg.png',3,'2015-12-17');
/*!40000 ALTER TABLE `dm_productimg` ENABLE KEYS */;
UNLOCK TABLES;

--
-- Table structure for table `dm_service`
--

DROP TABLE IF EXISTS `dm_service`;
/*!40101 SET @saved_cs_client     = @@character_set_client */;
/*!40101 SET character_set_client = utf8 */;
CREATE TABLE `dm_service` (
  `dm_service_id` int(11) NOT NULL AUTO_INCREMENT,
  `dm_service_name` varchar(100) NOT NULL,
  `dm_service_description` text NOT NULL,
  `dm_service_status` int(1) NOT NULL,
  `dm_service_published_date` date NOT NULL,
  `dm_service_category_id` int(11) NOT NULL,
  `dm_created_date` date NOT NULL,
  `dm_updated_date` date NOT NULL,
  PRIMARY KEY (`dm_service_id`)
) ENGINE=InnoDB AUTO_INCREMENT=7 DEFAULT CHARSET=latin1;
/*!40101 SET character_set_client = @saved_cs_client */;

--
-- Dumping data for table `dm_service`
--

LOCK TABLES `dm_service` WRITE;
/*!40000 ALTER TABLE `dm_service` DISABLE KEYS */;
INSERT INTO `dm_service` VALUES (2,'Treatment','<h2>Treatment</h2>\n<h4>Thread Lift (tanam atau Tarik benang)</h4>\n<p>Threadlift adalah salah satu solusi bagi anda yang ingin mengencangkan atau meniruskan kembali wajah dan badan anda. Benang yang diletakkan di lapisan kulit akan menstimulasi kembali kolagen alami kulit sehingga kulit akan kembali kenyal, kencang dan tidak Kendur. Benang-benang yang digunakan adalah benang yang biasa dipakai untuk operasi jantung atau ligamen otot, sehingga sangat aman untuk tubuh. Benang ini juga akan terserap sempurna tanpa sisa setelah beberapa waktu. Selain wajah, tanam atau tarik benang ini dapat digunakan di beberapa area tubuh lain seperti hidung, leher, payudara, lengan, paha, perut, bokong, serta betis.</p>\n<p>&nbsp;</p>\n<p>Jenis benang:</p>\n<p>Jenis benang yang kami gunakan adalah Polydioxanone (PDO) dan benang ini adalah benang yang dapat diserap sempurna oleh tubuh. Benang yang kami gunakan dua kali lipat lebih tebal dan lebih panjang dari benang pada umumnya sehingga hasil akan bertahan lebih lama.&nbsp; Untuk tarik benang, jenis benang yang digunakan berbahan dasar Polycaprolactone (PCLA) dimana benang ini akan bertahan dua kali lebih lama dari PDO (hingga 2 tahun)</p>\n<p>Lama tindakan: 60 menit hingga 120 menit.</p>\n<p>Prosedur :</p>\n<p>Dokter ahli kami akan memeriksa keadaan kulit anda dan akan menyarankan prosedur atau jenis benang yang terbaik untuk anda. Setelah itu akan diberikan krim anestesi lokal pada area yang akan dilakukan tindakan tanam atau tarik benang. Pada beberapa kasus diperlukan suntikan anestesi agar lebih nyaman. Selesai prosedur tanam atau tarik benang akan dilakukan <em>cryotherapy</em> untuk mencegah lebam dan bengkak.</p>\n<p>Hasil:</p>\n<p>Benang akan menstimulasi pembentukan kolagen alami kulit anda mulai dari 1 bulan setelah tindakan. Wajah anda akan lebih kencang, kenyal, dan tirus setelah kolagen yang cukup terbentuk. Hasil akan bertahan 1-1,5 tahun. Pada beberapa jenis benang terutama benang bergerigi, anda dapat melihat langsung hasilnya setelah proses dan lebih jelas dalam waktu 1-3 bulan.</p>\n<p>Pemulihan:</p>\n<p>Kebanyakan pasien dapat kembali beraktifitas segera. Jika ada pembengkakan atau lebam biasanya terjadi setelah 24-48 jam dan umumnya akan pulih dalam 1- 2 minggu.</p>\n<p>Kemungkinan efek samping:</p>\n<p>Adanya bengkak dan lebam adalah wajar tergantung dari jenis benang, banyak benang dan tipe kulit pasien. Reaksi bengkak dan lebam dapat diminimalisasi dengan pemberian kompres dingin paska tindakan. Selain itu dokter juga akan memberikan obat-obat minum yang diperlukan.</p>\n<p>Mengapa tanam benang Dermaster lebih baik dari pada yang lain ?</p>\n<p>Di Dermaster, kami melakukan teknik &ldquo;vektor paralel&rdquo; yang unik dan berbeda dan membutuhkan pengalaman yang panjang.&nbsp; Dengan teknik pendekatan ini, benang secara hati-hati dimasukkan ke dalam lapisan kulit yang berbeda. Hasilnya akan bertahan lebih lama dari teknik lainnya dan menjadikan kulit lebih kenyal dan kencang.</p>\n<p><img src=\"../../../upload/BA_foto_buat_website-3.jpg\" alt=\"\" width=\"600\" height=\"601\" /></p>\n<p><img src=\"../../../upload/BA_foto_buat_website-4.jpg\" alt=\"\" width=\"600\" height=\"601\" /></p>\n<p>&nbsp;</p>\n<h4>&nbsp;<img src=\"../../../upload/BA_foto_buat_website-2.jpg\" alt=\"\" width=\"600\" height=\"601\" /></h4>\n<h4>&nbsp;</h4>\n<h4><strong>Botulinum Toxin (</strong>Botox)</h4>\n<p>Prosedur:</p>\n<p>Wajah penuh kerutan tentu menjadi hal yang tidak nyaman untuk setiap individu baik wanita maupun pria. Sejak tahun 1400an masyarakat dunia sudah mulai mencari cara untuk mengurangi kerutan ini seperti mengurangi mengunyah makanan-makanan keras, menggunakan pasta tebal dimuka untuk mengurangi ekspresi wajah, menggunakan masker putih telur dan lain-lain namun ternyata hasilnya kurang sempurna. Barulah tahun 1900an dikenal istilah &ldquo;BOTOX&rdquo;.</p>\n<p>Toksin botulinum tipe A, yang lebih dikenal sebagai botox adalah produk yang digunakan dalam dunia estetika&nbsp; untuk memperbaiki garis kerutan ekspresi yang menganggu di wajah. Koreksi terjadi karena toksin botulinum akan merelaksasikan otot- otot yang terlibat, secara sementara. Hal ini memungkinkan kulit bebas dari kerutan saat meyipitkan mata dan mengerutkan kening.</p>\n<p>Sejak awal 1990-an, toksin botulinum telah banyak digunakan untuk mengobati kelainan seperti berkedip berlebihan, kejang wajah, sakit kepala, ataupun produksi keringat yang berlebihan. Prosedur ini sangat aman selama digunakan dengan benar</p>\n<p>Indikasi yang paling sering digunakan pada sepertiga atas wajah, untuk koreksi garis- garis kerut vertikal antara alis, alur &ndash; alur horizontal pada dahi dan keriput sekitar mata. Selain itu dapat pula digunakan untuk mengecilkan otot rahang yang besar, otot cuping hidung, keringat berlebih pada tangan dan ketiak serta otot yang besar.</p>\n<p>Lamanya:</p>\n<p>10-30 menit.</p>\n<p>Anestesi:</p>\n<p>Krim anestesi topikal.</p>\n<p>Hasil dan Pemulihan:</p>\n<p>Hasil terlihat setelah 3-4 hari,dan bertahan selama 4-6 bulan. Ketika botox tidak diulang maka ekspresi gerakan asli timbul kembali secara spontan.</p>\n<p>Kemungkinan efek samping:</p>\n<p>Segera setelah perawatan hanya titik-titik kecil yang terlihat ataupun Memar ringan. Beberapa pasien dapat mengalami sakit kepala ringan pada minggu pertama pada kasus botox didaerah dahi.</p>\n<p>Resiko:</p>\n<p>Tidak&nbsp; ada risiko permanen pada orang sehat. Myasthenia gravis adalah kontaindikasi.</p>\n<p><img src=\"../../../upload/BA_foto_buat_website-6.jpg\" alt=\"\" width=\"600\" height=\"600\" /></p>\n<h4>&nbsp;</h4>\n<h4>Filler</h4>\n<p>Filler adalah sebuah tehnik mengisi lapisan kulit yang kosong atau cekung dengan menggunakan cairan seperti gel. Dapat pula digunakan untuk menambah volume seperti pada tulang pipi, hidung ataupun dagu.</p>\n<p>Ada banyak produk filler yang dipakai saat ini. Perbedaan yang paling penting adalah antara filler non-permanen, yang terserap sendiri setelah beberapa saat, dan filler permanen, yang tetap ada dalam jaringan selamanya. Kebanyakan filler non-permanen umumnya aman untuk digunakan, tetapi disarankan filler yang sudah disetujui FDA, misalnya Asam Hyaluronat. Filler disuntikkan langsung ke area yang akan dikoreksi setelah pengolesan krim anestesi topical. Efeknya segera terlihat dan bertahan antara 2-18 bulan tergantung pada jenis produk dan area yang dikoreksi.</p>\n<p>Asam Hyaluronat juga dapat menstimulasi kelembaban kulit sehingga kerutan halus pun tidak mudah terbentuk. Bagian kulit yang memerlukan kelembaban cukup antara lain daerah sekitar mata, dahi, leher dan punggung tangan.</p>\n<p>&nbsp;</p>\n<p>Proses:</p>\n<p>10-20 Menit</p>\n<p>&nbsp;</p>\n<p>Anestesi:</p>\n<p>Biasanya krim anestesi topikal, terkadang suntik anestesi lokal diperlukan.</p>\n<p>Hasil:</p>\n<p>Koreksi sebagian atau keseluruhan dari keriput dan lipatan, penegasan bentuk wajah, hasil dapat terlihat langsung setelah tindakan.</p>\n<p>Kemungkinan efek samping:</p>\n<p>Bengkak sementara (terutama bibir), kemerahan, nyeri, lebam biasanya berlangsung paska tindakan hingga 1 minggu. Kompres dingin setelah tindakan dapat meminimalkan efek samping.</p>\n<p>Resiko:</p>\n<p>Filler Permanen tidak direkomendasikan karena menyebabkan kerugian yang sangat sulit diatasi tanpa operasi. Sedangkan Filler Asam Hyaluronat cukup aman karena dapat dinetralkan langsung dengan anti filler namun demikian tetap harus dilakukan oleh dokter ahli. Resiko ireguler (<em>lumpiness</em>), koreksi yang kurang atau berlebih, asimetris dan infeksi tetap dapat terjadi.</p>\n<p><img src=\"../../../upload/BA_foto_buat_website-5.jpg\" alt=\"\" width=\"601\" height=\"601\" /></p>\n<h4>&nbsp;</h4>\n<p><strong>Plasma Laser</strong></p>\n<p>Sebuah inovasi baru dalam dunia estetik, dermatologis dan bedah plastik dimana pasien dapat mendapatkan hasil bedah tanpa harus melewati proses bedah. Menggunakan sebuah alat yang sudah dipatenkan di Italy bernama Plasma Laser. Berbeda dari teknologi laser lain, Plasma laser hanya akan menghantarkan energi plasma pada permukaan lapisan kulit (epidermis). Energi panas yang tercipta tidak akan mengenai jaringan disekitarnya, sehingga dengan energi yang terfokus ini hasilnya pun akan optimal dan minimal efek samping. Sudah banyak dilakukan penelitian dalam bidang medis terhadap Plasma Laser ini, hasinya pun sangat memuaskan. Plasma Laser dapat digunakan pada beberapa kasus yang sebelumnya sangat sulit dilakukan tanpa bedah seperti Blepharoplasty (tindakan untuk membuang kulit kelopak mata pada orang tua) ataupun Double eyelid (tindakan membuat lipatan pada kelopak mata atas, banyak ditemukan pada kelopak mata sipit). Selain itu Plasma laser juga dapat digunakan pada beberapa kasus antara lain: bopeng pada bekas jerawat (acne scar), jerawat aktif, kerutan, stretch mark, Xantelesma, keloid, dll.</p>\n<p>Proses:</p>\n<p>Tidak ada persiapan yang perlu dilakukan oleh pasien di rumah, tindakan sangat sederhana. Setelah kulit pasien dibersihkan, lalu akan di berikan krim anestesi topikal agar lebih nyaman. Setelah 20-30 menit, akan dilakukan tindakan Laser Plasma. Tindakan hanya memerlukan waktu 15-20 menit. Setelah itu pasien dapat kembali beraktifitas.</p>\n<p>Perawatan setelah Plasma Laser:</p>\n<p>A. 1-6 hari setelah tindakan</p>\n<p>Segera setelah tindakan, oleskan antibiotik cream dan <em>foundation</em> cair (SPF20) beberapa kali selama siang hari (termasuk ketika berada di dalam ruangan). Kompres dengan <em>Icepack, </em>selama 5 menit , lebih dari 5 kali per hari untuk mengurangi bengkak.</p>\n<p>Perhatian: apabila bepergian keluar rumah, bersihkan muka dengan air secara hati-hati, hindari mengelupaskan keropeng (<em>scabs) </em>ataupun <em>foundation</em> cair.</p>\n<p>B. 7-10 hari setelah tindakan</p>\n<p>Setelah keropeng (<em>scabs</em>) hilang, apabila masih ada kemerahan pada bekas area, tetap gunakan foundation cair.&nbsp;</p>\n<p>Komplikasi: hindari mengelupaskan keropeng (<em>scabs)</em>, apabila tanpa sengaja terkelupas, maka dapat terjadi kemerahan atau kehitaman (PIH) pada bekas luka, namun komplikasi seperti ini tidak permanen.</p>\n<p>Tindakan ini dapat diulang 1-4 kali tergantung kasus dan tingkat keparahan dengan interval 3 minggu. Namun demikian dapat diulang apabila kemerahan atau eritema sudah hilang.</p>\n<p><img src=\"../../../upload/BA_foto_buat_website-7.jpg\" alt=\"\" width=\"599\" height=\"600\" /></p>\n<p><strong><img src=\"../../../upload/BA_foto_buat_website-8.jpg\" alt=\"\" width=\"600\" height=\"600\" /></strong></p>\n<p>&nbsp;</p>\n<p><strong>Korean Peel</strong></p>\n<p>Untuk mendapatkan kulit indah dan bersih diperlukan beberapa tahapan perawatan. Membersihkan secara rutin di rumah tentu menjadi hal yang sangat penting, namun tidak cukup hanya itu saja. Diperlukan nutrisi yang cukup dan tidak lupa membuang sel kulit mati yang menumpuk dikulit. Korean peel adalah serangkaian perawatan untuk memaksimalkan perawatan wajah anda. Terapi ini bertujuan untuk membersihkan, membuang sel kulit mati yang menumpuk serta sekaligus memberikan serum nutrisi untuk kulit. Dengan melakukan secara berkala 3-4 minggu sekali, kulit wajah anda akan selalu terjaga bersih, indah dan sehat. Terapi ini juga bermanfaat bagi anda yang memiliki keluhan jerawat, ataupun bagi anda yang menginginkan kulit wajah yang lebih cerah.</p>\n<p>&nbsp;</p>\n<p>Prosedur:</p>\n<p>Seperti prosedur facial pada umumnya namun dengan cara yang tidak menyakitkan (ekstraksi komedo yang berlebihan). Korean peel akan membantu pengangkatan sel kulit mati dan komedo dengan tehnik dermabrasi digabungkan dengan tekanan negatif dan pemberian serum.</p>\n<p>&nbsp;</p>\n<p>Lama: 20-40 menit</p>\n<p>&nbsp;</p>\n<p>Hasil:</p>\n<p>Segera terlihat setelah tindakan. Wajah bersih, halus dan terlihat cerah. Tidak ada kemerahan dan pasien dapat beraktifitas kembali.</p>\n<p>&nbsp;</p>\n<p><strong>Korean Slimming (Pelangsingan)</strong></p>\n<p>Overweight atau berat badan berlebih menjadi problem yang tidak dapat diremehkan pada jaman sekarang. Tidak dapat dipungkiri bahwa dengan berlebihnya berat badan seseorang, resiko untuk menderita penyakit jantung koroner, diabetes,darah tinggi, stroke dan lain lain akan menjadi tinggi pula.&nbsp; Kesibukan menjadi faktor sulitnya seseorang untuk diet dan berolah raga. Hal-hal seperti ini yang akhirnya membuat berat badan sesorang naik terus dan sangat sulit untuk turun. Dengan bantuan pengetahuan dan terapi yang tepat tentu akan membantu masalah ini.</p>\n<p>Dermaster menyediakan berbagai pilihan terapi untuk membantu masalah pelangsingan ini mulai dari pengaturan pola diet, nutrisi untuk membantu diet anda, berbagai terapi pengurusan dan pengencangan dengan teknologi terkini. Segera berkonsultasi dengan dokter kami untuk mendapatkan pola pelangsingan yang tepat untuk anda.</p>\n<p>&nbsp;</p>\n<p><strong>Hiperpigmentasi</strong></p>\n<p>Hiperpigmentasi atau melasma adalah masalah kulit yang ditandai dengan munculnya bercak kehitaman pada daerah wajah seperti dahi pipi ataupun bibir atas. Umumnya melasma akan mulai muncul pada usia 30-44 tahun dan sebagian besar terjadi pada kaum wanita. Matahari adalah penyebab yang sangat berperan besar dalam perjalanan penyakit ini. Dengan terapi sedini mungkin, masalah hiperpigmentasi dapat diatasi dengan lebih baik misalnya menggunakan tehnik injeksi, ataupun krim. Anda dapat berkonsultasi dengan dokter ahli kami apabila anda memiliki keluhan hiperpigmentasi ini.</p>\n<p>&nbsp;</p>\n<p><strong>LASER</strong></p>\n<p>Laser merupakan salah satu terapi yang sangat populer saat ini. Terdapat berbagai macam jenis laser, tentunya dengan berbagai kegunaannya. Laser yang digunakan di Dermaster Clinic sangat baik untuk meremajakan kulit, menghilangkan atau memudarkan bekas jerawat, mengecilkan pori-pori, mengurangi produksi minyak pada kulit, mengurangi kerutan halus pada wajah dan leher, membantu mengurangi stretch mark ( guratan memanjang pada kulit ) dan sebagainya.&nbsp; Apakah anda kandidat yang baik untuk melakukan terapi ini? Anda dapat segera berkonsultasi dengan dokter ahli kami.</p>\n<p>&nbsp;</p>\n<p><strong>Acne dan Scar Treatment</strong><strong>&nbsp;</strong></p>\n<p>Acne atau jerawat adalah salah satu problem kulit yang paling banyak dikeluhkan. Hampir setiap orang pernah mengalaminya terutama pada masa pubertas. Sebagian akan hilang, namun sebagian meninggalkan bekas dalam yang sebut acne scar atau lubang lubang pada kulit bekas jerawat. Pada sebagian orang, problem jerawat ini akan menetap selama bertahun-tahun. Penyebab dari jerawat sendiri beraneka ragam mulai dari hormonal, infeksi kuman, kebersihan kulit, produk kulit yang tidak tepat dan sebagainya. Tersedia berbagai terapi untuk mengatasi problem jerawat ini dan tentu saja juga memperbaiki bekas dari jerawat.</p>\n<p>&nbsp;<img src=\"../../../upload/BA_foto_buat_website-1.jpg\" alt=\"\" width=\"600\" height=\"601\" /></p>\n<h4>&nbsp;</h4>',1,'2016-09-14',1,'2014-11-11','2017-02-17'),(4,'Surgery','<p>Seiring berkembangnya zaman dan kemajuan dalam teknologi kedokteran, salah satunya adalah operasi plastik. Sebenarnya dalam dunia medis hal itu dinamakan bedah plastik (plastic surgery). Asal mula dari plastik itu sendiri berasal dari bahasa Yunani yaitu &ldquo;Platikos&rdquo; yang artinya adalah &ldquo;membentuk&rdquo;. Jadi sebenarnya kata plastik disini bukan berarti menggunakan bahan plastik untuk tindakan operasi. Bedah plastik adalah salah satu cabang ilmu kedokteran yang mempunyai tujuan merubah bentuk bagian tubuh manusia menjadi lebih sempurna (kosmetika) atau memperbaiki bagian tubuh manusia yang rusak</p>\n<p>&nbsp;</p>\n<p>Bedah plastik dapat memperbaiki bagian tubuh manusia yang rusak akibat luka bakar, kecelakaan, atau cacat bawaan melalui prosedur operasi. Misalnya bibir sumbing, keloid, dan sebagainya, sedangkan bedah plastik yang bersifat kosmetika yang biasa diminati oleh banyak orang adalah membuat hidung mancung, melebarkan kelopak mata, memperbesar/memperkecil payudara, dan membuang/menambah lemak.</p>\n<p>&nbsp;</p>\n<p>Merubah bentuk wajah dan tubuh melalui bedah plastik sudah menjadi trend bagi sebagian orang khususnya di kalangan para artis, baik artis lokal maupun artis mancanegara karena mempunyai paras yang cantik dan tubuh yang indah adalah keinginan setiap manusia. Berikut adalah Macam macam jenis Surgery yang dapat dilakukan</p>\n<p><strong>Operasi Mata</strong></p>\n<ol>\n<li>Upper blepharoplasty</li>\n<li>Lower blepharoplasty</li>\n<li>Ptosis correction (untuk mata sayu)</li>\n<li>Epicanthoplasty (perbaikan sudut mata baik bagian dalam maupun luar sehingga tampak lebih besar)</li>\n</ol>\n<p>&nbsp;</p>\n<p><strong>TEKNIK BLEPHAROPLASTY</strong></p>\n<ul>\n<li>Tanpa Pembedahan (Non-Insisi) &ndash; perbaikan mata tanpa dilakukan pembedahan, hanya menggunakan benang saja</li>\n<li>Dengan Pembedahan (Insisi) &ndash; perbaikan bentuk mata dengan dilakukan pembedahan, membuang lemak, otot dan membentuk kelopak mata sesuai yang diinginkan</li>\n</ul>\n<p>&nbsp;</p>\n<p><strong>Blepharoplasty&nbsp; - Insisi (Dengan Pembedahan)</strong></p>\n<ul>\n<li>Upper blepharoplasty (Kelopak mata)</li>\n<li>Lower blepharoplasty (Kantong mata)</li>\n</ul>\n<p>&nbsp;</p>\n<p><strong>BLEPHAROPLASTY </strong></p>\n<p><strong>Kelebihan</strong></p>\n<ul>\n<li>Pembengkakan minimal</li>\n<li>Aktifitas sehari-hari (cuci muka, make up) bisa dilakukan setelah 2-3 hari</li>\n<li>Tidak meninggalkan bekas luka</li>\n<li>Kondisi kelopak mata bisa dikembalikan seperti semula dengan membuang jahitan</li>\n</ul>\n<p><strong><br /> </strong></p>\n<p><strong>&nbsp;</strong></p>\n<p><strong>Kekurangan</strong></p>\n<ul>\n<li>Hasil mungkin tidak permanen dibandingkan dengan teknik pembedahan</li>\n<li>Tidak sesuai untuk kelopak mata yang tebal dan memiliki banyak lemak</li>\n</ul>\n<p><strong>&nbsp;</strong></p>\n<p><strong>BLEPHAROPLASTY <br /> Dengan Pembedahan (Insisi)</strong></p>\n<p><strong>Kelebihan</strong></p>\n<ul>\n<li>Garis kelopak mata bisa dibuat sesuai yang diinginkan</li>\n<li>Ketebalan kelopak mata bisa disesuaikan</li>\n<li>Resiko kemungkinan kelopak mata kembali seperti semula kecil sekali</li>\n<li>Lipatan mata lebih besar dan tegas</li>\n<li>Kemungkinan kelopak mata kembali seperti semula lebih kecil dibandingkan dengan tanpa pembedahan</li>\n<li>Tidak meninggalkan bekas luka</li>\n</ul>\n<p>&nbsp;</p>\n<p><strong>Kekurangan</strong></p>\n<ul>\n<li>Masa recovery lebih lama dibandingkan tanpa pembedahan</li>\n<li>Bekas luka dapat terlihat (dalam keadaan mata tertutup)</li>\n<li>Bengkak dan bekas luka lebih parah dibandingkan dengan teknik insisi</li>\n<li>Sulit untuk memperbaiki mata yang kendur</li>\n</ul>\n<p>&nbsp;</p>\n<p><strong>Perbandingan Teknik Blepharoplasty</strong></p>\n<p><img src=\"../../../upload/tulisan.png\" alt=\"\" width=\"697\" height=\"512\" />&nbsp;</p>\n<p><strong>RHINOPLASTY (Operasi Hidung</strong><strong>)</strong></p>\n<ul>\n<li><strong>Simple augmentation </strong>&ndash; dilakukan dengan pembedahan kecil di bagian dalam hidung untuk menaikkan ujung atau batang hidung</li>\n<li><strong>Open rhinoplasty </strong>&ndash; dilakukan pembedahan di antara lubang hidung dan rongga hidung</li>\n<li><strong>Alar reduction </strong>&ndash; mengecilkan cuping hidung</li>\n<li><strong>Perbaikan hidung panjang atau pendek</strong></li>\n<li><strong>Perbaikan tulang hidung yang menonjol</strong></li>\n</ul>\n<p>&nbsp;</p>\n<p><strong>Liposuction</strong></p>\n<ul>\n<li>Pada beberapa orang, walaupun dengan diet tetap ada deposit lemak di bagian-bagian tubuh tertentu</li>\n<li>Untuk orang-orang yang tidak overweight, liposuction dilakukan untuk membentuk badan</li>\n<li>Biasa dilakukan selama 1-4 jam</li>\n<li>Waktu pemulihan: 1-2 minggu</li>\n<li>Komplikasi (&lt; 10%): hematoma (memar), infeksi, nekrosis kulit, dll</li>\n</ul>\n<p>&nbsp;</p>\n<p><strong>Liposuction Surgery</strong></p>\n<ul>\n<li>Biasa dilakukan pada pasien dengan berat badan tetapi memiliki kantung lemak di bagian-bagian tertentu.</li>\n<li>Sayatan yang dilakukan <span style=\"text-decoration: underline;\">sangat kecil</span></li>\n</ul>\n<p>&nbsp;</p>\n<p><strong>Liposuction</strong></p>\n<ul>\n<li>Bagian perut</li>\n<li>Lengan</li>\n<li>Paha</li>\n<li>Punggung</li>\n<li>Abdominoplasty</li>\n</ul>\n<p>&nbsp;</p>\n<p><strong>Abdominoplasty</strong></p>\n<ul>\n<li>Biasa dilakukan pada pasien dengan perut bergelambir atau buncit pasca melahirkan</li>\n<li>Lemak di perut dibuang, dan otot-otot perut dikencangkan supaya perut dapat terlihat rata.</li>\n<li>Durasi operasi: &plusmn; 3 jam, dengan anestesi umum.</li>\n<li>Pasien dirawat (diobservasi) di rumah sakit selama 3-5 hari.</li>\n</ul>\n<p>&nbsp;</p>\n<p><strong>Fat Injection</strong></p>\n<ul>\n<li>Pengisian lemak untuk meningkatkan kekencangan dan tampilan alami dari wajah</li>\n<li>Bisa dilakukan di:\n<ul>\n<li>Seluruh wajah</li>\n<li>Payudara</li>\n</ul>\n</li>\n</ul>\n<p>&nbsp;</p>\n<p><strong>Breast Aesthetic Surgery</strong></p>\n<ul>\n<li><strong>Breast Augmentation</strong>\n<ul>\n<li>Biasa dilakukan pada pasien usia muda dengan payudara kecil (breast hypoplasia), dan pasien usia tua yang payudaranya menjadi rata atau kendur pasca hamil dan menyusui (breast tissue atrophy)</li>\n<li>Menggunakan silikon merupakan teknik yang sangat populer di kalangan masyarakat</li>\n<li>Saat ini ada implan payudara baru yang lebih aman digunakan, dikenal dengan nama &ldquo;gummy bear&rdquo;, berbentuk gel yang lebih padat sehingga memiliko bocor lebih kecil dibandingkan silicon</li>\n</ul>\n</li>\n<li><strong>Breast Reduction</strong></li>\n<li><strong>Mastopexy (Breast-lift)</strong>\n<ul>\n<li>Seiring berjalannya usia dan setelah menyusui, payudara akan menjadi atrofi dan kendur</li>\n<li>Untuk kasus-kasus yang belum parah, dapat menggunakan teknik breast augmentation</li>\n<li>Teknik ini membuang kulit-kulit yang kendur dan mengencangkan payudara yang kendur</li>\n<li>Durasi operasi: 2-4 jam, membutuhkan rawat inap di rumah sakit selama 1-2 hari</li>\n<li>Waktu pemulihan: 1-2 minggu</li>\n</ul>\n</li>\n</ul>\n<p>&nbsp;</p>\n<p><strong>Facial Contouring</strong></p>\n<ul>\n<li>Zygoma (tulang pipi)</li>\n<li>Mandibular angle (tulang rahang)</li>\n<li>Chin (T-osteotomy)</li>\n<li></li>\n</ul>\n<p>&nbsp;<strong>Chin Surgery</strong></p>\n<ul>\n<li><strong>Filler or collagen </strong>&ndash; for mild correction</li>\n<li><strong>Chin augmentation with implant</strong>\n<ul>\n<li>Resiko lebih minimal dibandingkan dengan genioplasty</li>\n<li>Insisi kecil</li>\n</ul>\n</li>\n<li><strong>T-Osteotomy</strong>\n<ul>\n<li>Dilakukan pembedahan</li>\n</ul>\n</li>\n</ul>\n<p>&nbsp;</p>\n<p><strong>Facelift</strong></p>\n<ul>\n<li><strong>MACS lift </strong>\n<ul>\n<li><strong>M</strong>inimal <strong>A</strong>ccess <strong>C</strong>ranial <strong>S</strong>uspension lift</li>\n<li>Perbaikan wajah yang kendur dengan sayatan kecil dan ditarik ke atas</li>\n<li>Luka lebih kecil di depan telinga, mudah disamarkan</li>\n<li>Resiko perdarahan dan kerusakan saraf lebih kecil</li>\n</ul>\n</li>\n<li><strong>Forehead lift (endotine) </strong>&ndash; Untuk kerutan di dahi</li>\n<li><strong>Thread lift </strong>&ndash; pengencangan kulit wajah dengan menggunakan benang</li>\n</ul>\n<p>&nbsp;</p>\n<p><strong>Hair Graft</strong></p>\n<ul>\n<li>Teknik bedah dengan prosedur minimal invasif untuk mengatasi kebotakan</li>\n</ul>\n<p>&nbsp;</p>\n<p><strong>Cheek Dimple</strong></p>\n<ul>\n<li>Pembuatan lesung pipi</li>\n<li>Satu sisi atau dua sisi (kiri kanan)</li>\n</ul>\n<p>&nbsp;</p>\n<p><strong>Scar Revision</strong></p>\n<p>Untuk mengurangi bekas luka sehingga bekas luka tidak terlihat</p>\n<p>&nbsp;</p>\n<p>&nbsp; &nbsp; &nbsp; &nbsp; &nbsp; &nbsp; &nbsp;<img src=\"../../../upload/before1-1.jpg\" alt=\"\" />&nbsp; &nbsp; &nbsp; &nbsp; &nbsp; &nbsp; &nbsp; &nbsp; &nbsp; &nbsp; &nbsp;<img src=\"../../../upload/after-1-1.jpg\" alt=\"\" /><img src=\"D:\\DERMASTER\\Materi SURGERY\\BEFORE AFTER SURGERY\\edited\" alt=\"before 1\" /></p>\n<p>&nbsp; &nbsp; &nbsp; &nbsp; &nbsp; &nbsp; &nbsp;&nbsp;<img src=\"../../../upload/before-2-1.jpg\" alt=\"\" />&nbsp; &nbsp; &nbsp; &nbsp; &nbsp; &nbsp; &nbsp;&nbsp; &nbsp;&nbsp;<img src=\"../../../upload/after-2-1.jpg\" alt=\"\" /></p>\n<p>&nbsp; &nbsp; &nbsp; &nbsp; &nbsp; &nbsp; &nbsp; &nbsp;<img src=\"../../../upload/before-3-1.jpg\" alt=\"\" />&nbsp; &nbsp; &nbsp;&nbsp; &nbsp; &nbsp; &nbsp;&nbsp; &nbsp; &nbsp; &nbsp;<img src=\"../../../upload/after-3-1.jpg\" alt=\"\" /></p>\n<p>&nbsp; &nbsp; &nbsp; &nbsp; &nbsp; &nbsp; &nbsp; &nbsp;&nbsp;<img src=\"../../../upload/before-4-1.jpg\" alt=\"\" />&nbsp; &nbsp; &nbsp; &nbsp; &nbsp; &nbsp; &nbsp; &nbsp; &nbsp; &nbsp;<img src=\"../../../upload/after-4-1.jpg\" alt=\"\" /></p>\n<p>&nbsp; &nbsp; &nbsp; &nbsp; &nbsp; &nbsp; &nbsp; &nbsp; &nbsp;<img src=\"../../../upload/BA1.jpg\" alt=\"\" />&nbsp; &nbsp; &nbsp; &nbsp; &nbsp; &nbsp; &nbsp; &nbsp;<img src=\"../../../upload/BW2.jpg\" alt=\"\" /></p>\n<p>&nbsp; &nbsp; &nbsp; &nbsp; &nbsp; &nbsp; &nbsp; &nbsp; &nbsp;<img src=\"../../../upload/BA3.jpg\" alt=\"\" />&nbsp; &nbsp; &nbsp; &nbsp; &nbsp; &nbsp; &nbsp;&nbsp;<img src=\"../../../upload/BA4.jpg\" alt=\"\" /></p>\n<p>Pada umumnya sebelum melakukan operasi, pasien terlebih dahulu melakukan konsultasi mengenai keinginan pasien, Setelah itu dokter akan menjelaskan prosedur apa saja yang harus dihindari sebelum pasca operasi dan sesudah operasi.</p>\n<p>&nbsp;</p>\n<p>&nbsp;<img src=\"../../../upload/hongg.jpg\" alt=\"\" width=\"276\" height=\"152\" /></p>\n<p>&nbsp;</p>\n<p>Dr. Hong Jung Soo merupakan dokter ahli bedah plastik yang berasal dari Korea Selatan. Beliau sudah memiliki pengalaman dan memiliki sertifikat Internasional di dalam bidang plastic surgery baik di Korea ataupun Internasional.</p>\n<p>&nbsp;</p>\n<p>Kegiatan bedah plastik ini adalah program baru yang Dermaster Clinic akan lakukan di Korea Selatan. Kegiatan ini dilakukan untuk meningkatkan kualitas dan mutu dari klinik kami demi melayani banyaknya permintaan akan bedah plastik di klinik kami.</p>\n<p>Untuk mengetahui informasi lebih lanjut silahkan hubungi kami</p>\n<p>021 - 3192 6857</p>',1,'2014-11-11',3,'2014-11-11','2016-01-27'),(5,'Treatment','<h2>Treatment</h2>\n<p><strong>Thread Lift</strong></p>\n<p>Newest aesthetic technique from Korea, invented by Dr. Kon Han Jin. The thread is called polydioxanone (POD) which is commonly used in caesar and heart surgery. So relatively safe to body. This treatment can be used in areas like face, nose, breast, arms, thigh belly, buttocks, and legs.</p>\n<p><img src=\"../../../upload/treatment.thread_.jpg\" alt=\"\" /></p>\n<p><img src=\"../../../upload/treatment.thread2_.jpg\" alt=\"\" /></p>\n<p><img src=\"../../../upload/treatment.thread3_.jpg\" alt=\"\" /></p>\n<h4>&nbsp;</h4>\n<p><strong>Botox</strong></p>\n<p>a drug prepared from the bacterial toxin botulin, used medically to treat certain muscular conditions and cosmetically to remove wrinkles, makes cheeks look tiny, and reduce shrinking facial pores. It can also be used to shrink the size of thigh muscles, reducing oil production on face, armpit, and palms.</p>\n<p><img src=\"../../../upload/treatment.botox_.jpg\" alt=\"\" /></p>\n<h4>&nbsp;</h4>\n<p><strong>Filler</strong></p>\n<p>liquid gel that contains hyaluronic acid which function to give your face a natural volume to soma parts of body such as cheek, chin, nose, and lips, and it can used for softening wrinkles, and give your face a natural volume at your eyes bag, smiling lines, hands, and neck area.</p>\n<p><img src=\"../../../upload/treatment.filler_.jpg\" alt=\"\" /></p>\n<h4>&nbsp;</h4>\n<p><strong>Aqua Peel</strong></p>\n<p>Facial treatment to bright, clean, moisturized face skin and to lift dead skin.</p>\n<p>&nbsp;</p>\n<p><strong>Silk Peel</strong></p>\n<p>Facial treatment in only 30 minutes with immediately result. Face will look bright and shiny after this treatment. There are 3 kinds of serum that use for this treatment, dead skin cell serum, bright skin serum, and serum for acnes problem.</p>\n<p>&nbsp;</p>\n<p><strong>Neoscan Laser (Fraxel)</strong></p>\n<p>Skin rejuvenation laser technique. Which is able to reduce and erase acne spots. In addition, neoscan laser can help you reduce stretch mark, resizing pores, reducing excess oil and wrinkle under the eyes and necks.</p>\n<p>&nbsp;</p>\n<p><strong>Cryostamp</strong></p>\n<p>This treatment is done to reduce swollen and bluish after treatment. Cryostamp reduces pain after treatment by inserting serums (like Steamcell) into the skin layer without needles.</p>\n<p>&nbsp;</p>\n<p><strong>Dermaroller</strong></p>\n<p>A treatment that will eradicate&nbsp; acne problems it will also dissipate scar and stretch marks</p>\n<p>&nbsp;</p>\n<p><strong>RF Disector / Mini Lipo</strong></p>\n<p>This treatment is useful to lift excessive fat in certain area like face. It will tighten skin by stimulating new collagen</p>\n<p>&nbsp;</p>\n<p><strong>Air Disector</strong></p>\n<p>It is useful to remove wrinkle in the forehead, sleeping bag area, and necks (without botox). Air disector also remove scar and acne marks.</p>\n<p>&nbsp;</p>\n<p><strong>Injection for Plaque / Melasma</strong></p>\n<p>This kind of injection is usually combined with cryostamp whitening and whitening injection (Cherro / Tatione / L-platinum) in order to disguise hyperpigmentation, plaque, and melasma on face.</p>\n<p>&nbsp;</p>\n<p><strong>Slimming Injection</strong></p>\n<p>This injection can be one solution for those who face excessive fat problem. Slimming injection helps burning fat, reduce celullit, tightening&nbsp; other area like arm, thigh or any desirable area.</p>\n<p>&nbsp;</p>\n<p><strong>Panashape</strong></p>\n<p>To reduce abdominal circumferrence, arm and thigh instantly (2-5 cm), panashape function to break down fat cells, cellulit, increasing metabolism, stimulating fat limfatically to deliver heat to layers of fat that will fasten fat break down. Panashape is equipped with cooling system, so will have to worry since it will reduce the pain.</p>\n<p>&nbsp;</p>\n<p><strong>Slimming Master</strong></p>\n<p>This treatment can also reduce body circumference such as thigh, arm, and belly, with result of 2-11 cm in one treatment.This treatment stimulates points of natural accupunture in the body, responsible of slimming. The result is tightened part of the body such as belly, arm, thigh and breast. For better results it is advised to combine with slimming injection.</p>\n<p>&nbsp;</p>\n<p><strong>Photodynamic Therapy</strong></p>\n<p>This is therapy for skin rejuvenation with abundant benefits such as reducing reddish and skin inflammation, This therapy stimulates natural skin cell rejuvenation to form collagen and elastin which reduce wrinkle, synthetic pigmentation melanin and kill bacteria that cause acne.</p>\n<p>&nbsp;</p>\n<p><strong>Anti Aging and Whitening Injection</strong></p>\n<p>A treatment with injection of anti aging substance which is safe for our body. This injection increases health, brighten skin, and body moisture. It also increases stamina, libido, prevent hair loss,&nbsp; tighten breast and vagina.</p>\n<p>&nbsp;</p>\n<p><strong>Hair Analyzer and Treatment</strong></p>\n<p>Do not worry anymore about&nbsp; hair loss problem. Hair analyzer and treatment is the solution. This treatment will analyze mineral shortage or excessive toxin which can cause hair loss. Hair analyzer and treatment can clean scalp by injecting korean serum that will solve the problem</p>\n<p><img src=\"../../../upload/treatment.hair_.jpg\" alt=\"\" /></p>',0,'2016-01-19',4,'2016-01-19','2016-01-20'),(6,'Surgery','<p class=\"normal\" style=\"text-align: justify;\">Through on the history the technology in medics has developed fast, one of among other is plastic surgery. The word &ldquo;plastic&rdquo; comes from greek word that means &ldquo;mould&rdquo;. So the word &ldquo;plastic&rdquo; is no associated at all with any plastic material for surgery. Plastic surgery is a branch in medics which aim to change or reconfigure parts of human body, to make it cosmetically perfect or to fix damaged part of human body.</p>\n<p class=\"normal\" style=\"text-align: justify;\">&nbsp;</p>\n<p class=\"normal\" style=\"text-align: justify;\">Plastic surgery is able to fix parts of the body suffering from burn injury, accident, or birth defect such as cleft lip and keloid through surgery, while many people do plastic surgery for cosmetically purpose such as augmentation rhinoplast, eye surgery, breast augmentation, body contouring/reshaping.</p>\n<p class=\"normal\" style=\"text-align: justify;\">&nbsp;</p>\n<p class=\"normal\" style=\"text-align: justify;\">Currently, changing the shape of the face and the body with plastic surgery has become a tren, especially in an entertainment world such as an actress, actors, singer, etc. it&rsquo;s because has a beautiful face and beautiful body are the desire of every people.</p>\n<p><strong>Eyelid Surgery</strong></p>\n<ol>\n<li>Upper blepharoplasty</li>\n<li>Lower blepharoplasty</li>\n<li>Ptosis correction (droopy eyes)</li>\n<li>Epicanthoplasty (surgical method to incise inner parts of eyes and lenghten the size of eyes so it can make bigger eyes)</li>\n</ol>\n<p>&nbsp;</p>\n<p><strong>BLEPHAROPLASTY TECHNIQUE</strong></p>\n<ul>\n<li>Without surgery (Non-Incision) &ndash; correction of the upper eyelid without surgery, only by using sutures (stitches)</li>\n<li>Surgery (Incision) &ndash; correction of the upper eyelid can be corrected though an incision within the natural crease on the eyelid. This allow for removal of fat deposit, tightening of muscles, according patient need.</li>\n</ul>\n<p>&nbsp;</p>\n<p><strong>Blepharoplasty &nbsp;- Incision</strong></p>\n<ul>\n<li>Upper blepharoplasty (eyelid)</li>\n<li>Lower blepharoplasty (eye bags)</li>\n</ul>\n<p>&nbsp;</p>\n<p><strong>BLEPHAROPLASTY </strong></p>\n<p><strong>Advantages</strong></p>\n<ul>\n<li>Minimal Swelling</li>\n<li>Daily activities (face wash, make up) possible to do after 2-3 days</li>\n<li>Invisible scars</li>\n<li>The condition of the eyelid can be restored by removing stitches</li>\n</ul>\n<p><strong>Disadvantages</strong></p>\n<ul>\n<li>The result may not be permanent as compared with surgical technique</li>\n<li>Not suitable for thick eyelid which has a lot of fat</li>\n</ul>\n<p>&nbsp;</p>\n<p><strong>BLEPHAROPLASTY <br /> With Surgery (Incision)</strong></p>\n<p><strong>Advantages</strong></p>\n<ul>\n<li>An eyelift can be performed as outpatient surgery</li>\n<li>the thickness of the eyelid can be adjusted</li>\n<li>Long-lasting result</li>\n<li>Opens and enlarges the eyes</li>\n<li>Invisible scars</li>\n</ul>\n<p>&nbsp;</p>\n<p><strong>Disadvantages</strong></p>\n<ul>\n<li>Longer recovery period</li>\n<li>Visible scars (when eyes is closed)</li>\n<li>Swelling and scarring</li>\n<li>Difficult to repair sagging ayes</li>\n</ul>\n<p>&nbsp;</p>\n<p><strong>Comparison of Blepharoplasty Technique</strong></p>\n<table style=\"background-color: light blue;\">\n<tbody>\n<tr>\n<td width=\"219\">\n<p>&nbsp;</p>\n</td>\n<td width=\"221\">\n<p><strong>WITHOUT INCISION</strong></p>\n</td>\n<td width=\"225\">\n<p><strong>INCISION</strong></p>\n</td>\n</tr>\n<tr>\n<td width=\"219\">\n<p><strong>DURATION</strong></p>\n</td>\n<td width=\"221\">\n<p><strong>20 Minutes </strong></p>\n</td>\n<td width=\"225\">\n<p><strong>40 Minutes</strong></p>\n</td>\n</tr>\n<tr>\n<td width=\"219\">\n<p><strong>ANESTHESIA</strong></p>\n</td>\n<td width=\"221\">\n<p><strong>Local or IV Sedation Anesthesia</strong></p>\n</td>\n<td width=\"225\">\n<p><strong>Local or IV Sedation Anesthesia</strong></p>\n</td>\n</tr>\n<tr>\n<td width=\"219\">\n<p><strong>Loose stitch </strong></p>\n</td>\n<td width=\"221\">\n<p><strong>2 &ndash; 3 days after the action</strong></p>\n</td>\n<td width=\"225\">\n<p><strong>5 days after the action</strong></p>\n</td>\n</tr>\n<tr>\n<td width=\"219\">\n<p><strong>RECOVERY </strong></p>\n</td>\n<td width=\"221\">\n<p>&middot;&nbsp;&nbsp;&nbsp;&nbsp;&nbsp;&nbsp; <strong>Face wash, make up after&nbsp; 2-3 days</strong></p>\n<p>&middot;&nbsp;&nbsp;&nbsp;&nbsp;&nbsp;&nbsp; <strong>Swelling 3-8 weeks</strong></p>\n</td>\n<td width=\"225\">\n<p>&middot;&nbsp;&nbsp;&nbsp;&nbsp;&nbsp;&nbsp; <strong>Swelling lost <span style=\"text-decoration: underline;\">+</span> 70% in the first week</strong></p>\n<p>&middot;&nbsp;&nbsp;&nbsp;&nbsp;&nbsp; <strong>Swelling disappeared gradually after 1-2 months </strong></p>\n</td>\n</tr>\n</tbody>\n</table>\n<p>&nbsp;</p>\n<p><strong>RHINOPLASTY (Nose Surgery)</strong></p>\n<ul>\n<li><strong>Simple augmentation </strong>&ndash; Small incision on the inside of the nose to raise tip or nose</li>\n<li><strong>Open rhinoplasty </strong>&ndash; Incision between the nostrils and the nasal cavity</li>\n<li><strong>Alar reduction </strong>&ndash; Shrink Nostril</li>\n<li><strong>Improving nose size to facial balance</strong></li>\n<li><strong>Nasal asymmetry</strong></li>\n</ul>\n<p><strong>Liposuction</strong></p>\n<ul>\n<li>For many peole who get diet but still have a fat in some parts of their body</li>\n<li>Liposuction is for body contouring, for many people who are not overweight</li>\n<li>it will takes 1-4 hours process, with general anesthesia</li>\n<li>Recovery period : 1-2 weeks</li>\n<li>Complication (&lt; 10%): hematoma (bruise), infection, skin necrosis, etc.</li>\n</ul>\n<p>&nbsp;</p>\n<p><strong>Liposuction Surgery</strong></p>\n<ul>\n<li>Usually done by people who have excess fat in certain part</li>\n<li>through small skin incision</li>\n</ul>\n<p><strong>Liposuction</strong></p>\n<ul>\n<li>Tummy</li>\n<li>Upper arms</li>\n<li>Thigh</li>\n<li>Back</li>\n<li>Abdominoplasty</li>\n</ul>\n<p><strong>Abdominoplasty</strong></p>\n<ul>\n<li>Usually done by the people who has a large horizontal ellipse of excess skin and fat after pregnancies</li>\n<li>Plastic surgery of the abdomen in which excess fatty tissue and skin are removed</li>\n<li>It will takes <span style=\"text-decoration: underline;\">+</span> 3 hours process, with general anesthesia</li>\n<li>Patient will be observed at hospital for 3-5 days</li>\n</ul>\n<p><strong>Fat Injection</strong></p>\n<ul>\n<li>Fat injection to improve firmness and natural appearance of the face</li>\n<li>Possible to do at:\n<ul>\n<li>Face area</li>\n<li>Breasts</li>\n</ul>\n</li>\n</ul>\n<p><strong>Breast Aesthetic Surgery</strong></p>\n<ul>\n<li><strong>Breast Augmentation</strong>\n<ul>\n<li>Usually done by teenage patient that bothered by the feeling that their breast are too small, and mature people that unsatisfied with their breasts which losing shape and volume after pregnancies (breast tissue atrophy)</li>\n<li>Using silicon is a technique that is very popular among the people</li>\n<li>Currently there are new breast implants are safer to use, known as \"gummy bear\", which is more dense gel that has a leak rate of less than silicon</li>\n</ul>\n</li>\n<li><strong>Breast Reduction</strong></li>\n<li><strong>Mastopexy (Breast-lift)</strong>\n<ul>\n<li>a woman breast often change over time usually after breastfeeding, it will losing their youthful shape and firmness,</li>\n<li>for cases were not severe can use breast augmentation for solution</li>\n<li>This technique will raises the breasts by removing excess skin and tightening the surrounding tissues</li>\n<li>It will takes 2-4 hours process, requiring hospitalization 1-2 days</li>\n<li>recovery period: 1-2 weeks</li>\n</ul>\n</li>\n</ul>\n<p><strong>&nbsp;</strong></p>\n<p><strong>Facial Contouring</strong></p>\n<ul>\n<li>Zygoma (cheekbone)</li>\n<li>Mandibular angle (jaw bone)</li>\n<li>Chin (T-osteotomy)</li>\n</ul>\n<p>&nbsp;</p>\n<p><strong>Chin Surgery</strong></p>\n<ul>\n<li><strong>Filler or collagen </strong>&ndash; for mild correction</li>\n<li><strong>Chin augmentation with implant</strong>\n<ul>\n<li>Risk is minimal compared to genioplasty</li>\n<li>Small Incision</li>\n</ul>\n</li>\n<li><strong>T-Osteotomy</strong>\n<ul>\n<li>Surgery Need</li>\n</ul>\n</li>\n</ul>\n<p>&nbsp;</p>\n<p><strong>Facelift</strong></p>\n<ul>\n<li><strong>MACS lift </strong>\n<ul>\n<li><strong>M</strong>inimal <strong>A</strong>ccess <strong>C</strong>ranial <strong>S</strong>uspension lift</li>\n<li>Minilift with vertical suspension of the sagging tissue, through a small incision</li>\n<li>Small scar, in the fold in front of the ear</li>\n<li>The risk of bleeding and nerve damage smaller</li>\n</ul>\n</li>\n<li><strong>Forehead lift (endotine) </strong>&ndash; forehead wrinkles</li>\n<li><strong>Thread lift </strong>&ndash; firming facial skin using yarns</li>\n</ul>\n<p>&nbsp;</p>\n<p><strong>Hair Graft</strong></p>\n<ul>\n<li>Surgical techniques with minimally invasive procedures to overcome baldness</li>\n</ul>\n<p>&nbsp;</p>\n<p><strong>Cheek Dimple</strong></p>\n<ul>\n<li>Create dimple</li>\n<li>one side or two side (right-left)</li>\n</ul>\n<p><strong>Scar Revision</strong></p>\n<ul>\n<li>To reduce the scar so that the scars are invisible</li>\n</ul>\n<p class=\"normal\" style=\"text-align: justify;\">Before surgery, you should discuss the procedure in detail with your surgeon. Ask as many questions as you need to so you\'re fully aware of what the procedure involves, how it will be carried out, what the results might be, and what happens if anything goes wrong.</p>\n<p class=\"normal\" style=\"text-align: justify;\">&nbsp;</p>\n<p class=\"normal\" style=\"text-align: justify;\">Dr. Hong Jung Soo is a plastic surgeon comes from South Korea. He has experience and international certificate in plastic surgery both in Korea and internationally.</p>\n<p class=\"normal\" style=\"text-align: justify;\">&nbsp;</p>\n<p class=\"normal\" style=\"text-align: justify;\">Plastic surgery is a new program from this Clinic that will be doing in South Korea. We hope it will improve quality of the clinic as well as a response to abundant request from our patients to open plastic surgery service.</p>',0,'2016-01-20',5,'2016-01-20','2016-01-26');
/*!40000 ALTER TABLE `dm_service` ENABLE KEYS */;
UNLOCK TABLES;

--
-- Table structure for table `dm_service_category`
--

DROP TABLE IF EXISTS `dm_service_category`;
/*!40101 SET @saved_cs_client     = @@character_set_client */;
/*!40101 SET character_set_client = utf8 */;
CREATE TABLE `dm_service_category` (
  `dm_service_category_id` int(11) NOT NULL AUTO_INCREMENT,
  `dm_service_category_name` varchar(100) NOT NULL,
  `dm_languages_id` int(11) NOT NULL,
  `idparent` int(11) NOT NULL,
  `dm_created_date` date NOT NULL,
  `dm_updated_date` date NOT NULL,
  PRIMARY KEY (`dm_service_category_id`)
) ENGINE=InnoDB AUTO_INCREMENT=6 DEFAULT CHARSET=latin1;
/*!40101 SET character_set_client = @saved_cs_client */;

--
-- Dumping data for table `dm_service_category`
--

LOCK TABLES `dm_service_category` WRITE;
/*!40000 ALTER TABLE `dm_service_category` DISABLE KEYS */;
INSERT INTO `dm_service_category` VALUES (1,'Treatment',1,0,'2014-11-11','0000-00-00'),(3,'Surgery',1,0,'2014-11-11','0000-00-00'),(4,'Treatment',2,0,'2016-01-19','2016-01-19'),(5,'Surgery',2,0,'2016-01-19','2016-01-20');
/*!40000 ALTER TABLE `dm_service_category` ENABLE KEYS */;
UNLOCK TABLES;

--
-- Table structure for table `dm_serviceimg`
--

DROP TABLE IF EXISTS `dm_serviceimg`;
/*!40101 SET @saved_cs_client     = @@character_set_client */;
/*!40101 SET character_set_client = utf8 */;
CREATE TABLE `dm_serviceimg` (
  `dm_serviceimg_id` int(11) NOT NULL AUTO_INCREMENT,
  `dm_serviceimg_thumb` text NOT NULL,
  `dm_serviceimg_image` text NOT NULL,
  `dm_service_id` int(11) NOT NULL,
  `dm_created_date` date NOT NULL,
  PRIMARY KEY (`dm_serviceimg_id`)
) ENGINE=InnoDB AUTO_INCREMENT=17 DEFAULT CHARSET=latin1;
/*!40101 SET character_set_client = @saved_cs_client */;

--
-- Dumping data for table `dm_serviceimg`
--

LOCK TABLES `dm_serviceimg` WRITE;
/*!40000 ALTER TABLE `dm_serviceimg` DISABLE KEYS */;
INSERT INTO `dm_serviceimg` VALUES (11,'thumb_20151217064311serviceimg.png','20151217064311serviceimg.png',4,'2015-12-17'),(12,'thumb_20151217064320serviceimg.png','20151217064320serviceimg.png',4,'2015-12-17'),(13,'thumb_20151217064327serviceimg.png','20151217064327serviceimg.png',4,'2015-12-17'),(14,'thumb_20151217064609serviceimg.png','20151217064609serviceimg.png',2,'2015-12-17'),(15,'thumb_20151217064615serviceimg.png','20151217064615serviceimg.png',2,'2015-12-17'),(16,'thumb_20151217064620serviceimg.png','20151217064620serviceimg.png',2,'2015-12-17');
/*!40000 ALTER TABLE `dm_serviceimg` ENABLE KEYS */;
UNLOCK TABLES;

--
-- Table structure for table `dm_user`
--

DROP TABLE IF EXISTS `dm_user`;
/*!40101 SET @saved_cs_client     = @@character_set_client */;
/*!40101 SET character_set_client = utf8 */;
CREATE TABLE `dm_user` (
  `dm_user_id` int(11) NOT NULL AUTO_INCREMENT,
  `dm_user_username` varchar(30) NOT NULL,
  `dm_user_password` varchar(32) NOT NULL,
  `dm_user_email` text NOT NULL,
  PRIMARY KEY (`dm_user_id`)
) ENGINE=InnoDB AUTO_INCREMENT=2 DEFAULT CHARSET=latin1;
/*!40101 SET character_set_client = @saved_cs_client */;

--
-- Dumping data for table `dm_user`
--

LOCK TABLES `dm_user` WRITE;
/*!40000 ALTER TABLE `dm_user` DISABLE KEYS */;
INSERT INTO `dm_user` VALUES (1,'dermaster888','2df3ca4c886ec94f47a40ee61918e0ad','support@dermaster-indonesia.com');
/*!40000 ALTER TABLE `dm_user` ENABLE KEYS */;
UNLOCK TABLES;
/*!40103 SET TIME_ZONE=@OLD_TIME_ZONE */;

/*!40101 SET SQL_MODE=@OLD_SQL_MODE */;
/*!40014 SET FOREIGN_KEY_CHECKS=@OLD_FOREIGN_KEY_CHECKS */;
/*!40014 SET UNIQUE_CHECKS=@OLD_UNIQUE_CHECKS */;
/*!40101 SET CHARACTER_SET_CLIENT=@OLD_CHARACTER_SET_CLIENT */;
/*!40101 SET CHARACTER_SET_RESULTS=@OLD_CHARACTER_SET_RESULTS */;
/*!40101 SET COLLATION_CONNECTION=@OLD_COLLATION_CONNECTION */;
/*!40111 SET SQL_NOTES=@OLD_SQL_NOTES */;

-- Dump completed on 2017-07-26  3:18:04
